,0,1,2,3,4,5,6,7,8,9,10,11,12,13,14,15,16,17,18,19,20,21,22,23,24,25,26,27,28,29,30,31,32,33,34,35,36,37,38,39,40,41,42,43,44,45,46,47,48,49,50,51,52,53,54,55,56,57,58,59,60,61,62,63,64,65,66,67,68,69,70,71,72,73,74,75,76,77,78,79,80,81,82,83,84,85,86,87,88,89,90,91,92,93,94,95,96,97,98,99,100,101,102,103,104,105,106,107,108,109,110,111,112,113,114,115,116,117,118,119,120,121,122,123,124,125,126,127,128,129,130,131,132,133,134,135,136,137,138,139,140,141,142,143,144,145,146,147,148,149,150,151,152,153,154,155,156,157,158,159,160,161,162,163,164,165,166,167,168,169,170,171,172,173,174,175,176,177,178,179,180,181,182,183,184,185,186,187,188,189,190,191,192,193,194,195,196,197,198,199
0,0.0,0.0,0.0,0.0,0.0,0.0,0.0,0.0,0.0,0.0,0.0,0.0,0.0,0.0,0.0,0.0,0.0,0.0,0.0,0.0,0.0,0.0,0.0,0.0,0.0,0.0,0.0,0.0,0.0,0.0,0.0,0.0,0.0,0.0,0.0,0.0,0.0,0.0,0.0,0.0,0.0,0.0,0.0,0.0,0.0,0.0,0.0,0.0,0.0,0.0,0.0,0.0,0.0,0.0,0.0,0.0,0.0,0.0,0.0,0.0,0.0,0.0,0.0,0.0,0.0,0.0,0.0,0.0,0.0,0.0,0.0,0.0,0.0,0.0,0.0,0.0,0.0,0.0,0.0,0.0,0.0,0.0,0.0,0.0,0.0,0.0,0.0,0.0,0.0,0.0,0.0,0.0,0.0,0.0,0.0,0.0,0.0,0.0,0.0,0.0,0.0,0.0,0.0,0.0,0.0,0.0,0.0,0.0,0.0,0.0,0.0,0.0,0.0,0.0,0.0,0.0,0.0,0.0,0.0,0.0,0.0,0.0,0.0,0.0,0.0,0.0,0.0,0.0,0.0,0.0,0.0,0.0,0.0,0.0,0.0,0.0,0.0,0.0,0.0,0.0,0.0,0.0,0.0,0.0,0.0,0.0,0.0,0.0,0.0,0.0,0.0,0.0,0.0,0.0,0.0,0.0,0.0,0.0,0.0,0.0,0.0,0.0,0.0,0.0,0.0,0.0,0.0,0.0,0.0,0.0,0.0,0.0,0.0,0.0,0.0,0.0,0.0,0.0,0.0,0.0,0.0,0.0,0.0,0.0,0.0,0.0,0.0,0.0,0.0,0.0,0.0,0.0,0.0,0.0,0.0,0.0,0.0,0.0,0.0,0.0
ATF4,0.12898403,0.24116854,0.030922458,-0.09997428,0.30621207,-0.28909332,-0.15491895,0.28769547,0.23872888,-0.014392376,0.6661089,0.36885622,-0.24292986,0.06514073,0.066864215,0.19594188,0.15972722,0.04465397,0.2489422,-0.13594608,0.14933245,-0.09151937,-0.034116406,-0.28781715,0.22962295,0.5212914,0.16575292,-0.13853607,-0.114710875,0.34227082,0.121165015,0.029156355,-0.13634771,-0.020147817,0.48354885,0.2635038,0.20056899,0.10339054,-0.32514662,0.10866421,-0.20990646,0.26074883,0.15968733,0.11414373,-0.03250929,0.027640343,0.3348549,0.61168313,-0.36248875,-0.07181532,0.036306314,-0.045244955,0.0881675,-0.16807012,-0.27094662,0.53826016,0.24686761,-0.043928016,-0.52156925,-0.035366163,0.044054568,-0.27517995,0.15012552,0.07081787,-0.39763224,-0.133009,-0.110011764,0.22188815,-0.14594546,-0.09674188,-0.27631256,-0.14414948,-0.14399686,0.21949361,0.3957084,0.044719364,0.015808854,0.08905071,-0.02495118,0.2545514,-0.2110571,-0.12844275,-0.20034859,0.10885193,0.2396865,0.22488284,0.23090944,-0.12279721,-0.17678437,-0.3593543,0.3496884,-0.22787762,-0.06361651,0.04334738,0.17873898,0.013016316,0.3103736,-0.017270122,0.24196446,-0.39789754,0.32052013,-0.24472347,0.024479745,-0.13318056,0.018873937,-0.04507146,0.06988289,-0.4152015,0.18349732,0.81433594,0.30431497,-0.35964686,-0.33285773,0.15035516,-0.41256264,0.020370074,-0.063680336,0.087518975,0.32750306,0.37953436,-0.14059016,-0.265182,0.3842759,-0.12934868,-0.061755575,0.019514205,0.14002635,-0.12081041,-0.49943438,0.04237951,-0.046685193,-0.08108807,-0.15142396,-0.097177,-0.07134699,0.013599419,0.19499712,0.12759088,-0.109973684,-0.0025472413,-0.028685674,0.22795697,-0.23166563,0.22096473,-0.25754216,0.09524467,-0.38043413,-0.11878081,-0.060739245,-0.26849112,0.11773307,-0.007449431,0.29949751,0.32457367,0.04572634,-0.28115174,0.1849755,0.20059466,0.15277489,-0.2855667,-0.14094278,-0.0934647,-0.35281777,-0.19024198,-0.042627007,-0.35761997,-0.55434155,-0.14676376,0.24379164,-0.13777769,-0.4719459,0.14321999,0.08351773,0.22100687,-0.10277061,0.1319336,-0.20668429,-0.034218978,0.11777812,0.046202186,0.19494392,0.05570853,-0.14901707,-0.08486318,0.5686584,-0.40754792,0.08539071,-0.33357656,0.37210208,-0.13013119,-0.048311763,0.053293172,-0.032913737,0.14603835,-0.39857778,-0.53620666,-0.3896032,0.13773042,0.25202838,0.113503926
ATG5,0.1791237,0.38569537,0.14356107,-0.06594788,-0.07785463,0.2707206,0.024314154,0.08891737,0.32518998,-0.2602781,0.08241771,0.16743456,-0.19390342,0.17014273,0.13694212,-0.13086432,0.08077186,-0.05498772,0.18726394,-0.180393,-0.17427236,0.02445661,0.109255806,-0.24395049,-0.08676981,0.04195728,0.46939105,-0.17236446,-0.5169189,0.16412756,0.22678743,0.096349716,-0.020121824,0.38382214,0.2964652,0.45178115,-0.04735677,0.13323054,0.025007786,-0.39757523,-0.2111718,0.3928886,-0.04573332,-0.11537279,0.014323625,-0.19899824,0.25397632,0.25144276,-0.21676284,0.017134082,-0.27648208,-0.22063306,-0.29898828,0.11187864,0.24961549,0.60792905,0.35958698,-0.096952625,-0.41947046,-0.12315653,0.062328763,0.10025703,0.30767506,-0.020219356,-0.05102238,0.22668457,-0.3665878,0.20107476,-0.001756189,0.0040111644,-0.14045545,-0.20621543,-0.15956388,0.5549733,-0.0009523003,0.07242831,0.16856727,0.02873333,-0.21441548,0.056059033,-0.2129651,-0.2621048,-0.5091307,0.17042631,0.29831338,-0.113577455,-0.06456151,-0.14926343,-0.06034357,-0.13356972,0.31411904,-0.29309228,-0.18470743,0.0697021,0.026837068,-0.07583451,0.10415576,0.24930228,0.41466814,-0.0037103163,0.27415702,-0.024578163,0.066679135,-0.3609511,-0.0952244,0.015402439,0.40535012,-0.2554826,0.15143138,0.37522545,0.10497823,-0.052211765,-0.37040237,-0.00994875,0.011238425,0.13889088,-0.0028915205,-0.18872854,0.22588219,0.22761415,-0.24016069,0.10024056,-0.021562211,0.009651188,-0.1447281,0.16006327,0.29393968,0.14392918,-0.15177512,-0.17235976,0.15461151,-0.09957249,-0.12722592,-0.15632224,0.23358537,0.13373692,-0.068210706,0.07551849,0.19444552,-0.03889044,0.17105529,0.01675602,0.042585753,0.10880591,-0.017788906,0.09365469,-0.55038816,-0.37903726,-0.07751199,-0.09723339,-0.054189455,-0.10610505,0.09980253,0.030772816,-0.021715177,0.099943876,-0.07573086,0.19848822,0.12903908,-0.1705316,-0.051338155,-0.14193335,-0.16909283,-0.20750584,0.27111456,-0.061072204,-0.15185218,-0.10685084,0.27531847,-0.17316778,-0.18155597,0.0022565667,0.0047313613,0.46936077,0.12109618,0.31622046,-0.023995528,-0.062779404,-0.15762903,0.12936054,-0.13431434,0.20129432,-0.124151416,0.12521508,0.35791895,-0.040067885,-0.22379853,0.11623902,0.3101585,-0.10433592,0.03679567,0.16965404,0.026724437,0.0573983,-0.16066086,-0.05984472,-0.029841466,0.05384655,-0.036717493,-0.20046254
BAD,0.1292439,0.3545035,0.106071584,0.024024643,-0.45492452,-0.11042909,-0.20408131,0.24554658,0.616155,0.35086334,-0.07018511,0.13896023,0.10677917,0.1294956,-0.23844527,0.26479268,0.056407634,0.29990757,-0.40128654,0.28720903,-0.477768,0.20655647,0.2091015,-0.015477101,0.15688184,-0.05887003,0.02474943,-0.16488965,-0.31427804,0.2713338,0.18767357,0.010440806,0.25224394,0.30802372,0.07153641,0.11015242,0.24114195,-0.09107895,-0.01762144,-0.30916584,0.05350919,0.24580508,0.10778299,0.12314633,-0.022644458,0.25958157,-0.13135682,0.20980301,-0.15872912,-0.012862596,-0.061511554,-0.26477483,-0.047667973,0.103752375,-0.27431756,0.36267638,-0.1955211,-0.085847,-0.33785352,-0.32568783,0.27369812,0.07912821,-0.36520928,0.053658593,-0.004013323,0.24353656,-0.18477787,0.19145048,-0.28052709,0.12184176,-0.1604691,0.31856748,-0.16914384,0.02165946,0.2929458,0.17542401,-0.37009558,0.012246359,0.18275395,0.050252523,-0.16981018,-0.024246536,-0.5887855,0.043087464,0.18629365,-0.23299375,-0.08474948,-0.10487963,0.0053342045,0.0046323375,0.039038986,-0.14802183,-0.078897506,-0.18054153,0.13750513,0.13287969,-0.40870908,0.036384128,0.106345795,-0.009591903,0.27242312,0.087181665,-0.24737148,-0.25469172,0.052657608,-0.09366074,0.28179115,0.018706227,-0.12289021,-0.10033619,-0.27600405,-0.2644078,0.016454909,0.4198739,0.23919514,-0.15439874,0.15266123,-0.5451012,-0.075457916,-0.10717756,0.22243425,0.046357915,-0.0050930036,-0.257383,-0.29358184,0.030126909,0.29963988,-0.009312394,-0.14449449,0.14953251,0.28183475,0.02225546,-0.23908035,0.5235031,0.022707243,-0.12466023,-0.021520546,0.28548393,-0.38359186,-0.5448923,-0.10404638,0.0067598675,0.33954674,0.17960401,0.12602994,0.44398743,0.049146693,-0.19635612,0.0013960693,-0.253137,0.1375822,0.15483835,0.3751732,-0.2520685,0.56778556,-0.036294825,0.14051645,-0.008665959,0.35442147,-0.122065544,0.067958824,-0.022360558,-0.124634914,-0.27969256,0.23775841,-0.13302547,0.1703245,0.024396904,0.16775861,-0.074262954,-0.0640089,-0.27102846,-0.080165654,0.1962392,-0.14790785,0.35318607,0.068389885,0.19379641,0.07751188,0.17964424,-0.29409248,-0.21627127,0.04127874,-0.09527035,0.14326183,0.32813653,0.050525684,-0.25134593,0.13303407,-0.10526422,0.36837554,-0.2235416,0.1045278,0.21790722,-0.039304875,-0.34011096,-0.12990361,0.13302392,-0.17412066,-0.26450005
BCL2L1,0.052680634,0.06014217,-0.14844751,-0.10533722,-0.17870928,-0.05688389,0.021102346,-0.075522706,0.34125227,0.00053630065,-0.18791287,0.3788842,0.044896033,0.050447077,-0.2507423,0.08640224,-0.30558804,0.05077474,-0.05469368,-0.17376347,-0.3502987,0.16607319,0.06949047,0.13534316,0.12643437,-0.25942808,0.28663787,0.0448867,-0.26054406,-0.09931566,0.002678123,0.020216828,0.017064465,0.027743278,-0.026375163,-0.21833721,0.11580129,0.056935735,-0.20925492,-0.053816594,-0.12238087,-0.027619703,-0.21385856,0.018120343,0.32444942,0.030490058,0.011313512,0.08772786,-0.16976571,-0.18995881,-0.1184497,-0.25847745,0.16052878,-0.041810956,-0.16457823,0.21648447,-0.15096371,0.0014171206,-0.118931524,-0.015960898,0.13411312,-0.012606863,-0.11928209,0.29137993,-0.15949494,-0.07523514,-0.40187958,-0.10786362,0.06987974,-0.20912994,0.1777576,0.17293218,0.053480063,0.052373078,-0.19902569,0.09933058,-0.16875218,0.017623385,0.21600337,0.09752603,0.12941705,-0.013343763,-0.40359572,0.09824645,0.38944745,0.0483454,-0.13539377,0.0627901,-0.16576947,0.0063085584,0.030390827,-0.12806672,0.025611224,0.024452657,0.20708545,-0.29896614,-0.10234184,0.07912929,0.17518154,-0.18942761,0.11175469,0.15364233,-0.04007009,-0.22414726,-0.006729216,-0.006072594,0.022046449,-0.04067559,0.12910157,0.353421,0.22917393,0.037855208,-0.033906464,-0.027840707,-0.19900475,0.088136666,0.088648565,-0.051235724,0.20154151,-0.06817098,0.17547597,-0.13807058,0.26333028,0.15625331,-0.11928636,0.0684646,0.195824,0.06371957,-0.042983234,0.2396334,-0.04724648,-0.25575322,0.32494432,0.31844342,-0.3500633,-0.13287726,-0.19660921,-0.057280343,-0.09490868,-0.30407536,0.31159246,-0.074568264,-0.03073145,0.302269,0.25123,0.17884415,-0.086894125,-0.42071936,0.1631491,-0.31478265,-0.062013935,-0.10207521,-0.058727607,0.0137025025,0.39171487,-0.23336975,0.32125577,-0.021473195,0.10490608,-0.020445371,-0.15096563,0.08551076,-0.36645016,-0.27598596,0.051307924,-0.09845462,0.0066924146,0.035978403,0.24781647,0.10801159,-0.035738513,0.14444125,-0.034499962,0.23262647,-0.15316625,0.29604614,0.049726505,-0.06349823,-0.07684886,-0.12209775,0.108076066,-0.059847042,-0.202431,-0.12067481,0.04714013,-0.007381766,-0.1851217,0.054774746,-0.041044105,-0.033626486,-0.06984021,-0.11826865,0.267756,0.19868317,-0.061785556,-0.18538792,-0.20241752,-0.18867847,-0.14162524,0.122100085
BECN1,0.1103719,0.15269025,0.14754777,0.27159676,-0.036533758,-0.20448662,0.040955473,0.22231375,0.014509923,-0.028691683,0.4040157,0.33234173,-0.28451926,0.12340137,0.08627791,0.043949537,-0.09095674,-0.02970503,-0.07566292,0.006995561,-0.23552798,0.085415415,-0.10494952,0.03927711,0.084793426,0.34605312,-0.048334226,0.11013303,0.18310633,0.3247689,-0.20155251,-0.012983517,0.08242013,-0.074205,-0.073003836,0.16306484,-0.118422896,0.058590993,-0.33370385,0.019695098,-0.20022434,0.352513,-0.012640587,0.20266323,0.23908335,-0.2267687,-0.39487135,0.26382613,-0.24648349,-0.22204241,0.118648104,-0.094208926,0.08975642,0.16114455,0.09556646,0.3866725,-0.12909225,-0.07939261,-0.5512203,-0.14952505,0.42302126,-0.14984326,0.20401455,0.115649745,-0.22887352,-0.045434985,-0.19276395,-0.124990255,-0.22153993,-0.1811314,0.12312239,-0.13001621,-0.17046948,0.119086854,-0.02542254,-0.08716114,0.12928535,-0.34959775,-0.15777157,0.29650807,-0.033613153,-0.14469947,-0.29861897,0.18765186,0.08122866,0.08121311,-0.074060015,-0.34206817,0.21239884,-0.21047695,0.45278868,0.024229096,-0.33365628,-0.18647666,-0.061917964,-0.1178378,0.28151602,0.08026341,0.03851156,-0.052775476,-0.105074115,0.005411627,-0.05359472,-0.21969707,0.39188704,-0.040285323,0.048945166,-0.098340996,0.22083959,0.03967321,-0.11109813,-0.30517036,-0.15817943,-0.14109975,0.09177466,0.22567773,-0.16431569,-0.5751098,0.3479315,0.4581277,-0.12300868,0.0885393,0.1655126,0.10496249,-0.028608102,-0.032862023,-0.094040826,0.3198828,-0.15858302,0.046898507,-0.46526137,-0.199892,0.3422968,0.36712536,0.22319488,-0.06830265,0.22408918,-0.08519979,0.094411016,-0.14917128,-0.0049827555,0.08407771,0.42626184,0.3753407,-0.118421786,0.07547299,0.03335189,-0.30618036,-0.4479445,-0.2755306,-0.30230877,0.18266615,0.031511433,0.27949414,-0.035856087,-0.09588285,0.24163583,0.14951491,0.17844798,0.054987136,-0.07809543,-0.0349408,-0.09977323,-0.35600868,0.336953,-0.087339684,-0.3844968,0.05405137,0.12498897,0.14736538,-0.18038261,0.09543297,-0.14579597,0.38239446,0.004943852,0.017367078,-0.16780302,0.039133884,0.076312646,0.19148733,0.31828937,0.16406715,-0.12867966,-0.079232916,0.019985327,0.39948028,0.12186292,-0.18383299,0.11328853,-0.08300343,-0.13458458,-0.223412,-0.009348413,0.30056703,-0.012561699,-0.0323577,-0.2546454,0.3295101,0.16869666,-0.20520467
CDC42,0.2157533,0.12275948,0.027888792,0.10028304,0.07853044,-0.0010534772,0.27281424,0.22202124,0.34661752,0.18355016,0.13220178,0.22887258,-0.16143472,-0.06615238,0.1268216,-0.06322997,-0.22872064,-0.1647665,0.05736434,-0.18626688,0.053414416,0.13094206,-0.05168572,-0.15133479,0.10011321,0.14454204,0.06903405,-0.08663185,-0.3222661,0.16613273,-0.208257,0.23270835,0.05365907,0.15154907,0.31922296,0.3504786,0.33208764,0.3573997,-0.19259824,-0.15972209,-0.26337138,0.5068853,-0.01685383,0.01102282,0.09468678,-0.24890423,0.24311431,0.30434063,-0.052752502,-0.003430451,0.07772262,-0.2953608,-0.3002347,-0.09041822,0.007592249,-0.15405872,-0.079747975,-0.14380749,-0.09960579,-0.21540084,0.070824444,-0.24505684,0.30657688,0.15900485,-0.23863107,0.0705774,-0.3211289,0.14587533,0.1895437,0.038969025,0.1350492,0.07119275,-0.034508016,0.08336784,0.04559338,-0.07878023,0.25854656,-0.088514365,-0.08520817,0.1280164,-0.27939954,-0.44743222,-0.1869448,0.22108735,0.05831324,-0.14713655,0.06960746,-0.21727654,0.093431726,-0.30924323,0.059679452,-0.22092296,-0.09246788,0.2324421,0.38258177,-0.28046095,-0.11844751,0.024495915,0.12356216,0.17348592,0.17218004,-0.18173406,-0.042902652,0.23896514,-0.039008915,0.16100414,0.1484505,-0.3483983,-0.11435756,0.20139053,-0.046010237,-0.18097,-0.14630477,-0.04838495,0.10480608,0.19134356,0.11459168,-0.024243694,0.48255473,0.2421318,0.04650258,-0.03798045,0.2853617,0.09195691,-0.101204254,-0.20748968,0.13838756,-0.15029822,0.027171617,-0.00031109224,-0.022640968,-0.078209564,-0.072441325,0.11864119,0.1024,-0.15679604,-0.021682361,-0.2702687,0.01807777,-0.09443522,-0.012741549,0.004971977,-0.15003107,0.11946289,-0.20372932,-0.015823832,-0.06703051,-0.19013537,-0.015638178,0.04874719,-0.1180924,-0.15823941,0.2238183,0.09688293,0.012250444,-0.17870323,-0.061949424,0.17152245,0.05408057,0.029897667,-0.023856342,-0.14504035,-0.007073822,0.09990634,-0.009562714,0.092941694,-0.11309325,-0.23549037,-0.034693584,0.19268131,-0.21628752,0.0032048991,0.21258138,0.14627013,-0.16615203,0.02141333,0.19394836,0.15262438,-0.20307282,-0.23892969,-0.0020084823,0.20506915,-0.104591444,-0.08128881,0.12380117,-0.19953081,0.010231476,0.06430566,0.35137346,0.17820656,0.23170973,0.05729856,0.21612427,0.20309272,-0.12919404,0.108162954,0.054698065,-0.18687972,-0.030891882,-0.1794572
CDCA7L,0.24358796,-0.240134,0.021240115,-0.034824762,0.2946183,0.30481136,0.13896488,0.38965484,0.5832886,0.21376456,-0.20799406,0.45611078,-0.6016733,-0.050557937,0.06581073,-0.23184162,-0.0041693915,-0.3901336,-0.2325297,-0.11485508,-0.22602136,-0.16616017,0.09033489,-0.21118525,0.012380692,-0.07637521,-0.3447423,-0.5592345,-0.16401161,0.3577957,-0.19590437,0.07217328,-0.03827611,0.4337085,0.31470934,0.35280132,-0.030224117,0.31799808,0.056861233,0.08588743,0.055384785,0.3754642,-0.15524897,-0.20890772,0.13653873,-0.18081188,0.37580925,-0.045003694,0.20301953,0.25742087,-0.16422659,0.16450468,-0.14917219,-0.007509788,0.11829768,0.052681237,-0.2343057,-0.6035549,0.04513076,-0.3526955,-0.07921349,-0.38203847,-0.0992656,-0.12217441,-0.25173157,0.36329505,-0.023623636,0.124787204,-0.38797367,-0.29031712,0.24568938,-0.17339785,-0.14399754,-0.08864943,-0.13447973,-0.15130125,0.22178823,-0.13223125,-0.2412421,-0.03860632,-0.36898133,-0.22525756,-0.024128433,-0.12152852,0.14107855,-0.16132286,0.15253603,-0.46753153,-0.094319105,-0.38026965,-0.15993202,-0.1579543,0.30467105,0.09582257,0.46352318,-0.076034784,0.41204792,0.090408266,-0.15565616,-0.021435356,0.044498533,-0.018181693,-0.09033677,0.2512126,0.09594373,0.025357395,0.083576284,-0.20164604,0.06822826,0.3187096,0.29275954,0.18239297,-0.37288755,0.049139827,0.01629246,0.10772669,0.0681763,0.2814367,-0.13227002,0.24754623,-0.34677947,-0.18838099,0.06007773,0.31240135,-0.010644932,-0.087851964,-0.053448282,-0.057063404,-0.2631867,-0.046212304,0.42491224,-0.3814519,-0.08960782,0.18351914,0.4894757,0.04164006,-0.28098032,-0.13838139,0.178025,0.09385771,0.35016552,-0.45506135,-0.026956825,0.30054095,0.020059345,0.27202657,-0.30629733,-0.37152,0.09952404,0.061421722,-0.30213284,-0.20791271,0.5878479,-0.14643972,0.26153368,-0.105858654,0.4160061,-0.30490822,-0.124904014,-0.06332655,0.007483818,-0.11477186,-0.16219485,0.04660208,0.21909046,-0.10965475,0.1171227,-0.22553056,-0.059260864,0.2942545,-0.06767554,0.21005128,0.43226638,0.048585393,0.0668667,-0.03237458,-0.028295433,0.16181163,-0.11573953,0.18061906,0.14882061,-0.0072660227,-0.04548665,0.38570613,-0.040706616,-0.09996254,0.062170483,0.15689275,0.28410196,-0.30939847,-0.37913013,0.1611772,-0.16155936,-0.051027834,-0.22183159,0.05823823,-0.03251197,-0.12294677,0.24530247,-0.5355717
CDK2,0.04543343,0.035166908,-0.15166956,-0.15132609,-0.22895096,-0.19069408,0.05957742,0.0967356,0.31559825,-0.21704333,-0.27780056,0.11581671,-0.13633323,0.13018243,-0.036328305,-0.5263476,0.037228294,-0.022822801,0.067945376,0.10160038,0.16643631,0.071779326,-0.14212273,-0.010664892,-0.038574222,-0.2572548,0.019305725,0.08107679,-0.05807195,-0.07552874,-0.16733293,-0.046622396,0.26077217,-0.09495818,0.048477367,0.037017133,0.03746726,-0.20285867,0.06053732,0.07025242,0.0051485817,0.046155475,-0.053121474,0.07534501,0.18291497,0.16293034,0.029443849,0.21565989,-0.2616527,0.0055341707,-0.071069665,-0.005626897,0.1677451,-0.08625301,-0.006309615,-0.14984238,0.014894172,-0.1211251,-0.17507318,-0.026196428,-0.058935266,-0.22029413,-0.020383958,0.009279968,-0.18988301,-0.032510318,-0.27048767,0.26004258,-0.10426174,-0.112613335,-0.1855283,0.27321243,0.18833615,0.23271994,-0.13303879,0.15588623,-0.030981682,0.21999112,0.16611595,0.29426742,-0.06193988,-0.1612281,-0.36130452,0.16895519,0.22278933,-0.19768712,-0.056431033,0.060165063,-0.24806537,-0.22303437,0.035078112,-0.19439892,-0.19204095,0.049592026,-0.06797836,0.039367337,0.24419051,-0.08407281,0.13293256,-0.015772685,-0.06680412,-0.1635056,-0.50635624,-0.29488838,0.052028358,0.11663086,0.12523726,-0.09348907,0.18406717,0.040546507,0.25452402,-0.23227431,-0.0646452,-0.048421398,0.06424604,0.023831487,0.07670649,-0.14895396,0.0736257,-0.21879315,0.073667124,-0.14600775,0.20174654,0.2871121,0.07099883,0.09187215,0.20609544,0.061308734,0.0032811258,-0.10881121,0.0074092876,-0.13651597,0.12989092,0.2199548,0.124177866,-0.20980163,0.023388786,-0.04933843,0.13299894,0.027562594,0.00025274404,0.21353674,0.0057908143,-0.03639509,-0.046560816,0.1879383,0.082022704,-0.021425793,0.22486569,-0.4166094,-0.17362657,-0.03246671,0.060273994,-0.03445741,0.36795083,-0.10560159,0.08498265,0.0052947416,-0.042888455,-0.05939853,-0.021750271,-0.039382197,-0.28076,-0.054822505,0.11616102,-0.043367665,-0.13786761,-0.053475827,0.20010188,0.15406625,-0.18052499,0.10545382,0.17401211,0.44580144,-0.1763957,0.07972703,-0.251247,-0.1849167,-0.13582411,-0.04945787,-0.04622876,-0.11186388,-0.27560988,-0.093430534,0.045747083,-0.15091869,0.1329254,-0.005292293,0.09492402,-0.24544488,-0.02533436,-0.12966307,0.063683495,0.21419817,0.21007459,0.15991859,-0.12293206,-0.032082245,-0.006299958,0.22654621
CFLAR,0.17659183,0.34328508,0.021804303,-0.19084573,-0.066490695,-0.12420781,0.083907664,-0.23204246,0.24868591,-0.2639817,0.07210272,0.043457042,0.026085371,-0.12434264,0.29132318,-0.22759804,-0.20737953,-0.027501816,-0.2602782,-0.41624966,-0.43959033,-0.059792385,-0.030736342,0.031527426,-0.21597365,-0.094703965,0.44295153,-0.002894057,-0.2979719,0.3234601,0.2219768,-0.23739225,0.00096775265,0.19617029,0.23563518,0.059116006,-0.13009942,0.01853159,-0.5144155,-0.0024642246,-0.21196684,0.10800057,-0.24779636,-0.029119942,0.50413686,0.15387304,0.17485544,-0.13915281,0.050485734,0.073356636,-0.088492595,-0.025990011,-0.197362,0.13417609,0.03318949,0.03813615,-0.27354237,-0.053472083,-0.37665933,-0.01775074,-0.16129974,-0.082212366,0.26995432,-0.09815645,-0.41507825,-0.4606131,0.043826625,-0.18283108,-0.18255553,-0.07694699,-0.055686202,0.24344893,0.001094895,0.24825215,0.1654121,-0.12723695,-0.032124285,0.05040105,0.25706002,0.36537826,-0.27896145,-0.26939085,-0.3260941,0.20393223,0.051713217,-0.22938585,-0.26207653,-0.06493362,-0.23897745,0.06583004,-0.29769439,-0.24129085,-0.104619786,-0.024976432,0.11451457,-0.431866,0.02720741,-0.06820542,-0.1922606,0.25069758,0.17799811,0.0016526636,-0.18410686,-0.015662588,-0.06512294,0.16574562,-0.056983266,0.2117826,0.24925539,0.08744903,-0.16501124,-0.3263135,-0.28376096,0.1572527,0.109830715,0.030046562,0.086521745,-0.19807416,0.2659448,-0.22735386,0.01730173,0.1930122,-0.056430418,0.23297857,0.08577443,-0.06557497,0.27614328,0.10108231,-0.2257032,-0.12614462,-0.12203294,0.11880642,0.13155048,0.290256,0.10209025,-0.21923748,0.25197843,-0.24967866,0.06921798,-0.024196215,-0.13426416,0.15206224,0.4105096,0.010790995,-0.21832968,0.059065063,-0.019928345,-0.02824918,0.183163,0.111318,-0.21427749,0.15087463,0.192016,0.5432397,0.1850898,-0.15613738,-0.13959777,0.21915777,-0.118671335,0.1563568,-0.033323053,-0.46608838,-0.37862933,-0.16040263,0.56257063,-0.1993083,-0.0032408175,0.4178276,-0.10270013,-0.13849126,0.02709139,-0.018127479,0.0067876275,0.42408603,-0.3145271,0.1405826,-0.07605377,0.054654535,0.19564569,-0.21317148,-0.03227205,0.21584739,-0.06569734,-0.17149113,0.3581206,0.05207174,0.0045748865,0.0032038423,0.15012449,0.27768108,-0.09708127,0.22364685,0.07193894,-0.14153332,-0.09811956,0.068593524,0.22642139,-0.16958308,0.16832086,0.023669815
CHMP2A,0.06309618,-0.121544756,0.047787454,0.24217519,0.049766533,-0.053290598,-0.21810317,0.11416773,0.331845,-0.007880914,0.118608125,0.4173759,-0.1728113,-0.16023146,-0.008212007,-0.31244388,-0.11697064,0.11361513,0.039003722,0.12498961,-0.518524,0.10839112,-0.15157576,0.025615256,0.28426886,0.008612032,0.05671082,-0.02274287,0.14656559,0.472293,-0.18529825,-0.14565432,0.12128827,-0.07066368,0.2590881,0.23126987,-0.09414985,0.17555171,-0.45329484,0.21714039,-0.115100026,0.30629972,-0.14967273,-0.31941587,0.34441042,-0.18942906,0.082324535,0.0018908244,-0.0037840821,-0.22098365,-0.12508905,-0.1964581,0.06590588,0.04465285,0.013539729,0.19076402,-0.22002558,-0.26319057,-0.32948506,-0.15293814,0.0324452,-0.051946826,0.024581814,0.17575324,-0.3762969,-0.15808715,-0.013424465,-0.19684313,-0.25536978,-0.26118377,-0.32603195,0.21149786,0.16034028,-0.22128384,-0.02195848,0.18432866,0.14231291,-0.04154995,-0.00076134806,0.1544056,-0.12855847,0.08883743,0.029670356,0.113210045,0.13199058,0.12622042,-0.24373755,-0.1641402,-0.105188906,-0.514988,0.043364324,-0.048246656,-0.0899564,-0.19001496,-0.2467208,0.26684105,-0.060175322,0.26522022,0.037950624,0.113793746,0.08402462,0.053822808,-0.30785593,-0.025252407,-0.07924704,0.036572598,0.0730195,-0.23058681,0.25018477,0.03776044,-0.060376823,-0.2729467,-0.018436676,0.2656888,0.08854969,0.31453404,-0.047196496,-0.19741584,0.225103,0.4413953,0.13474703,0.012818392,0.02920227,0.0342705,0.21067977,0.010188842,-0.069248125,0.2795224,-0.2740924,0.3245011,0.046219613,-0.13815932,0.054640252,0.42004362,0.009970222,0.043106213,0.1470863,-0.25649536,-0.03106204,-0.05080217,0.1765593,0.21109219,0.1585137,0.010381857,0.17506744,0.08837443,-0.23035973,-0.060560938,0.10700596,-0.22678946,0.18131034,-0.09103904,0.54221237,0.38611475,0.16302742,0.09328406,0.095361926,0.11501969,-0.09376521,-0.13313195,-0.32814044,-0.26869488,-0.41490248,-0.1258336,0.5508829,-0.2992116,-0.058813844,0.16147651,0.18949948,-0.02721221,-0.004659484,-0.31217784,-0.047590755,0.2371741,0.020721126,0.19223808,-0.062395044,0.032360837,0.08100515,-0.081933774,0.24277566,-0.17716601,-0.1280725,-0.26355085,0.057125002,0.18389226,0.14405562,-0.031520847,0.050695457,-0.07527838,0.19412394,-0.05514928,0.017208274,0.4742193,-0.52503943,-0.183941,-0.09486255,-0.06274585,-0.04739293,-0.20124361
E2F1,0.009476529,-0.2641035,-0.2742804,-0.14470525,-0.16364504,0.04010279,0.12884657,0.15584463,0.3923333,0.06816409,0.08826992,0.37808627,-0.20868737,0.027774518,0.05356679,-0.2093566,-0.24008434,0.10924132,0.03733558,-0.07109436,0.011646471,-0.032793514,-0.06852352,0.25523955,-0.019128008,-0.26840374,-0.12815359,0.049306374,-0.21821398,-0.045616183,0.15538627,0.08966735,0.21880545,0.36076492,0.19689476,-0.3186714,0.14834179,0.046602562,-0.20258635,0.13916054,-0.225708,-0.040075622,-0.09404668,0.15544382,0.22388679,0.10219955,-0.034737907,-0.1492544,-0.008730577,0.12884746,-0.077577025,0.080836184,0.18837638,0.1465941,-0.1659691,0.038962834,-0.3309362,-0.30582482,-0.005898021,-0.085249096,-0.26548648,-0.05878054,-0.060917147,-0.012440202,-0.06738648,0.03096421,-0.05455571,0.09912053,0.06930927,0.067524254,-0.100025475,0.17876184,0.0827917,0.021831213,-0.09736216,0.10767254,-0.32718378,0.2965917,-0.000965435,0.16543773,0.10235934,-0.34673542,-0.40217972,0.00032745342,0.3486936,0.114531055,0.19861707,0.029588122,-0.33112237,-0.11087434,-0.26459506,-0.5211892,-0.2126,-0.049013164,-0.09816214,-0.08812086,0.019653436,-0.40071347,0.26738906,-0.115775056,0.24579284,-0.054718077,-0.2206997,-0.62490964,0.16882399,0.1174698,0.2687569,0.098342694,0.10156062,-0.055510513,0.13999352,-0.0632172,-0.37861237,0.29730707,0.10857243,0.06747777,0.021301616,-0.012775762,-0.021382151,-0.16543506,0.1776097,0.0056768,0.12832575,0.32809156,-0.14848763,-0.19837548,0.17702982,-0.13557215,0.35592225,-0.013699557,-0.23040684,-0.25886694,-0.2545739,0.50972897,-0.1549506,-0.2891323,0.010022693,-0.09717709,0.1938884,-0.21781796,0.21919112,-0.2947823,0.017854527,-0.09657666,-0.24912441,0.4397908,-0.059363797,-0.040892683,0.13036723,-0.5140526,0.08426976,0.27216652,0.29154998,-0.22044702,0.09299915,-0.08716933,0.00090608036,0.08618763,-0.054202426,0.042317662,0.07904447,-0.018058881,0.070403166,0.016771642,0.29743913,0.05084107,-0.12146757,-0.09637484,0.4447524,-0.09596838,0.10417596,0.047099367,0.01820187,0.18410891,-0.16159058,0.022087997,-0.19995242,-0.09320099,-0.20074286,-0.24478057,0.12954177,0.100415386,0.028325971,-0.16861749,-0.089484274,-0.34982815,-0.12353313,0.15519316,-0.1919446,-0.12138583,-0.0829097,0.043956786,0.0556028,0.2529902,-0.26697508,0.11602113,-0.094932,-0.13649818,0.1458601,-0.012533035
EGFR,0.12612838,0.14467205,0.048842818,-0.44030938,0.09934383,0.23785396,-0.073714554,0.10654557,0.44661438,0.03617326,0.12856978,0.0109705245,-0.06226133,0.06255636,-0.026220461,-0.15751387,-0.16161975,-0.2535589,-0.30293265,-0.060262017,0.058807623,-0.09618287,-0.22660165,0.2713731,-0.2925982,-0.15728994,0.03731593,0.14971636,-0.2581049,-0.117487796,0.2784511,-0.13471875,0.1688218,-0.20579033,0.015137604,-0.25256193,0.100517884,0.14133652,-0.1784255,-0.13366342,-0.26874864,0.13329452,-0.24670468,0.16019204,-0.056802977,0.38743198,0.13877846,0.03611516,-0.13561125,-0.021476995,0.07358634,-0.05134611,-0.2491737,0.13845116,-0.23781483,0.22585829,-0.18088837,-0.05606161,0.09200736,-0.30375853,0.030618083,-0.2053161,0.009958179,-0.03308252,-0.0130868,-0.17368941,-0.115553565,-0.006858786,-0.15286283,0.13072567,-0.069067575,-0.020763472,0.17653151,-0.021280363,0.029065993,0.15146244,0.023594867,0.06749825,0.18970926,-0.008159073,-0.31260258,-0.002636462,-0.15060572,0.047154997,-0.06802889,-0.1660101,0.16025808,-0.044214226,0.054908857,-0.3449416,0.11202758,-0.08992018,-0.062425867,-0.2573191,0.06776342,-0.120906286,-0.015215485,0.26249197,-0.16244985,0.13430284,0.14236632,-0.013788886,-0.11709338,-0.30694777,-0.16899419,-0.1008846,-0.1791094,0.2514819,0.14729685,-0.10312606,-0.06827429,0.12734914,-0.018697891,0.39814985,-0.0994628,-0.006971231,0.008914291,0.25023907,-0.10479741,-0.26361224,-0.07681655,-0.021424098,0.020529509,0.19778249,-0.06413736,-0.052121338,0.07697953,0.016065463,-0.264397,0.06599369,-0.30028874,0.081860006,0.23935196,0.07225783,0.12377568,-0.2596114,-0.2623551,0.06700776,0.021589736,-0.017989283,0.022674022,0.39986923,0.17654975,-0.10388007,-0.053552795,-0.35557967,-0.07399845,-0.076170325,-0.15209292,-0.27940574,0.054048564,-0.090326965,-0.068173476,0.041368693,-0.034229904,-0.15671988,-0.10920695,0.22268647,-0.03590545,-0.2611993,-0.28808486,0.029968932,0.037817918,-0.070785984,0.13721447,-0.0022801736,-0.05035201,-0.33737564,-0.076870784,0.27930194,-0.12958337,0.05874046,-0.10604665,-0.35307303,-0.17297643,0.22947423,-0.108189456,-0.07595566,0.29452357,-0.13986365,0.1844435,-0.15700415,-0.08470785,-0.22859901,-0.17765804,0.08004817,-0.09125879,0.07576043,0.08005458,-0.22326253,0.12700212,0.33203438,0.0059602046,0.14461707,-0.0129310265,-0.1566172,0.15804179,0.044376627,-0.1379022,0.08550877
EIF2AK3,0.009479397,0.083889596,-0.056693677,-0.23339763,0.011793869,0.0591988,0.21574226,0.35145387,0.0024269475,-0.0739889,0.070935465,0.06926943,0.06548767,-0.016459271,-0.07770193,0.17982364,-0.27448815,0.06508235,0.10049368,-0.017985083,-0.27620214,-0.09063978,-0.064625666,0.36800617,0.11957906,-0.014865623,0.037687425,0.09161066,-0.2300801,0.22106071,0.18370226,0.02754448,-0.03446956,0.23758237,-0.06562961,-0.15470202,0.023838304,0.096273445,-0.121914744,-0.041647702,0.01162884,0.109020695,-0.06663052,0.027541317,-0.05959827,0.22533448,0.059598513,0.045557577,-0.03271109,-0.1168018,-0.19704981,0.04107769,0.0747088,0.18124846,-0.2255548,0.29776913,0.06390008,0.07890379,-0.20798501,-0.114074394,0.14706397,-0.22749305,-0.35921532,-0.163745,0.075817205,0.029322006,-0.31427822,0.16379939,-0.21276824,0.13123731,-0.08657994,0.18526955,0.09861529,0.17419797,0.021852285,0.12366043,0.20827672,-0.040409487,0.10675779,0.22807439,-0.08146195,0.0841143,-0.27930155,0.070680395,0.04437694,-0.022839464,0.1684204,-0.03375341,0.046647612,-0.2200304,0.12386147,-0.1550975,-0.16708086,0.12861218,0.09303375,0.18534394,-0.18106951,0.16833827,0.07008133,-0.046090394,-0.012980764,-0.26003024,-0.24943374,-0.19733505,-0.03284465,-0.29448518,0.07761953,0.049446534,0.02218393,0.071138196,0.15708143,-0.07096028,-0.11093138,0.1580714,0.12614457,-0.10023314,-0.024246676,0.33438644,0.17410445,0.07491874,-0.086055726,-0.042394415,0.161377,0.12779665,0.09189825,-0.055158306,-0.13931207,0.101168156,0.12570867,-0.18489067,0.13814531,-0.20758636,0.083583705,0.13181075,0.3621155,0.07120667,0.08618442,0.45741975,0.065507896,-0.13420434,-0.040994205,0.093987755,0.20082118,0.20815451,0.13939308,-0.0882803,0.19278507,-0.09090645,-0.027571937,-0.32982656,-0.21595134,0.15663007,0.3206574,0.041564535,-0.017409457,0.0070294384,0.27717423,0.005126106,0.21654804,0.1869277,0.23295292,0.07736339,-0.12637003,-0.1367545,0.17848617,0.026372302,-0.24953222,0.2964981,0.2828018,0.07429224,-0.17738739,-0.086665675,-0.2649325,-0.13109966,-0.17054693,-0.16712676,-0.17396872,0.1701711,0.24712284,0.049831357,-0.0074458914,-0.038418442,0.10269976,-0.15499613,0.17737578,0.09952906,0.11109768,0.06359618,-0.25492063,-0.064658165,0.26509854,-0.057840984,0.011636487,0.2655308,0.25596005,0.033254914,-0.43862456,-0.003176275,-0.25954455,-0.01923889
GNE,0.0037701828,-0.017608425,-0.27706164,-0.32959834,0.45725548,0.16332947,0.13608791,0.088698305,0.1159736,-0.070229016,0.2253083,0.039384205,0.15537886,0.02183833,-0.023445807,0.0035294236,-0.003662275,0.03706561,0.109955914,0.048744798,-0.2261081,-0.19274402,-0.18298161,0.12051858,-0.027797394,0.2413274,0.051954325,0.049603023,-0.031224526,0.10853993,-0.18550523,-0.16369694,-0.105167225,0.00707158,-0.038915854,-0.1497517,-0.096135244,0.3886546,-0.2295258,-0.32032004,-0.2007565,0.3074213,-0.12194957,0.31278893,-0.09267872,0.09818907,0.17883874,-0.033609774,-0.11364986,0.020509487,0.0636428,0.28752998,-0.18166351,-0.12390893,0.07880007,0.550005,0.0112748,0.1592559,-0.28029692,-0.22494695,0.18694049,-0.49421558,0.10040814,-0.28333122,-0.067213975,0.033582173,-0.011511197,0.42239138,-0.18256001,0.06401136,-0.054144915,-0.29829934,0.036759928,0.17294155,-0.08157243,-0.061079666,0.27531216,0.1725581,-0.29155585,0.39853525,-0.13727295,0.07298612,0.1440637,0.2976499,-0.08572938,-0.22999369,0.16559893,-0.3093043,-0.13538864,-0.32261723,0.36763626,-0.12442897,-0.05049068,0.1998595,-0.08368624,-0.124506354,0.26350617,0.073020615,-0.085711904,-0.33480325,-0.1384723,0.013802421,0.21630296,-0.24239296,-0.25093535,-0.32581794,0.08568524,0.063777685,0.010156797,0.20542529,0.26597226,-0.17781831,0.004634266,0.24466185,0.0609706,-0.04571745,0.12511005,-0.101189084,0.08091349,0.032791656,-0.10607755,0.005981065,0.21008526,0.03708885,0.0016271481,0.075143114,-0.14398007,-0.11884951,-0.28079873,-0.22173478,-0.03902107,-0.2249401,0.23290154,0.43096292,0.3221579,-0.056512155,0.02054577,0.2169623,0.2829605,-0.15527529,-0.27880466,0.0759791,-0.05575551,0.13011856,-0.559935,0.086661756,-0.29926664,-0.45892185,-0.11873545,0.149483,-0.13466835,-0.07034725,0.30429578,-0.17888622,0.14278013,0.43762076,0.018793084,0.20048472,0.26307723,-0.18479273,0.110009685,0.06462298,-0.10741785,0.086392105,0.054308612,0.17458005,-0.25746062,0.1972913,-0.077318795,0.24091126,-0.0018512356,-0.05836337,0.038433444,0.24570394,-0.2509135,-0.12885858,-0.044823878,0.2684697,-0.014425735,-0.106516235,0.13075756,0.10345638,0.21755053,0.2695747,0.2233347,-0.098789066,-0.03591753,-0.2187464,0.16352153,-0.18077272,0.060732745,-0.24077217,-0.101760045,0.34114823,-0.020042108,-0.064000286,-0.35860887,0.22488394,-0.11144922,-0.22372295
GRB10,0.22615524,0.11207056,-0.10048221,-0.06213284,0.16443135,-0.16085272,0.29223067,-0.040722553,0.15863152,-0.013006479,0.14730233,-0.08509012,0.12058694,0.07025027,-0.14880493,-0.17775954,0.015087358,-0.12645298,-0.0757006,-0.14016606,-0.32423365,-0.15522689,-0.16399626,-0.08833082,-0.09692609,0.32152998,-0.07972315,-0.020786459,-0.06954617,0.05107599,0.098423734,-0.13820858,-0.32169065,0.21567461,-0.15054226,-0.019352864,0.06004871,0.38342017,-0.2713312,-0.46562916,-0.02392676,0.08020844,-0.34638864,-0.043064997,-0.09175064,-0.08876399,0.13058856,-0.01255844,-0.10966295,-0.09399441,-0.0022224528,-0.035866134,-0.3245137,0.18822077,0.022944273,0.13337336,-0.20522566,-0.061197598,-0.036439266,-0.15423867,-0.26678708,-0.23009896,-0.12505466,-0.108392335,-0.18876989,-0.13385096,0.030245848,0.047077045,-0.0421714,-0.10034986,-0.00591937,-0.047215972,-0.16528405,0.39816925,0.12847486,-0.25390562,0.27737015,0.13662374,-0.18334725,0.36976305,-0.25764173,-0.14243147,0.07004602,0.0915325,0.21943921,0.26712766,-0.42860758,-0.42682827,0.037785348,-0.343618,0.1673085,-0.09812154,0.21089476,0.024517015,-0.17504749,-0.19488682,0.12040739,-0.025796516,-0.025738614,-0.2554198,0.13937834,0.18407893,0.23047996,-0.28429788,-0.1870804,-0.062307943,0.4141655,0.43544528,-0.2558423,-0.07435706,0.106323086,-0.08149353,-0.023663195,0.3952346,-0.019762915,0.12502848,0.16443962,-0.18148156,0.13419253,-0.22069484,-0.107430324,0.015883021,-0.09741141,0.0649367,-0.1907051,0.04984386,-0.22671627,0.1385746,-0.19617581,-0.009000712,-0.18967639,-0.10616211,0.08729675,0.15720667,0.32603836,-0.20148467,-0.07107145,0.066201955,0.093492195,-0.30628395,-0.021249343,0.15998256,0.33881158,-0.071126714,-0.07266756,-0.13477753,0.06495018,-0.327161,0.010227367,-0.11234668,0.04046139,0.08356328,0.29196513,-0.051672336,0.007734613,0.011565143,-0.15956597,0.04254751,0.092235096,-0.20838211,-0.29630443,-0.04511982,0.24943732,0.085018806,0.15717986,-0.41252428,-0.1795761,0.32443786,-0.058975924,0.018421989,0.16632213,0.006601206,-0.09181949,0.3383173,0.025138557,0.07268026,0.07882868,0.05876788,0.27652246,-0.19984451,0.21475412,0.08608166,0.2120627,0.009211054,0.062291812,0.3583581,-0.018900106,-0.22019267,0.19115713,-0.06400369,0.22773354,0.06157677,-0.08565635,0.07348366,0.050137725,-0.3481253,0.18766531,-0.040834308,0.028572787,-0.18216632
HDAC1,0.003585763,-0.17372099,-0.012884765,0.16526997,0.013794833,-0.034701753,0.24055064,-0.0440517,0.10136974,-0.07577398,0.3059259,0.2276011,-0.18847278,0.3571203,0.1739859,-0.050135944,-0.031246144,-0.013649902,0.04482867,-0.011213249,0.05751488,-0.2532626,-0.045555193,-0.16388865,0.17628896,-0.012610027,0.038003854,0.22119243,0.042212147,-0.09870915,0.013719664,-0.24999842,-0.26304793,-0.02468115,0.25395152,0.21679123,-0.20662107,-0.071501866,-0.16087086,-0.13909452,-0.20384072,0.16906396,-0.064256504,-0.12870245,0.06847399,-0.25284845,-0.003838525,0.15888423,-0.13435856,0.47914892,-0.035457645,0.049495313,0.07942305,-0.03696055,0.109261736,0.45634803,-0.1667899,-0.10706242,-0.22905666,-0.26224545,0.0637436,-0.344885,0.15869957,0.14825693,0.054609604,0.16678245,0.097951785,0.3405075,-0.006824942,-0.11261695,-0.3151947,-0.12513752,-0.016097622,-0.08508611,0.14067824,-0.046853397,0.2667499,-0.14746593,0.13444896,0.26716462,-0.1890825,-0.42722818,0.14243338,0.033489194,0.37195587,0.15478653,-0.13580687,-0.26186362,-0.0036896812,-0.6561917,0.16361739,-0.3010332,-0.15895095,0.16402535,-0.2772374,0.24460477,0.41896144,0.26456755,0.52971625,-0.033830978,0.004141249,-0.108532965,-0.11986767,0.07913513,-0.08404081,-0.23908514,0.14790194,-0.057780065,-0.1091092,0.13013245,-0.24344215,-0.37276235,-0.17298886,0.22689681,0.065074444,0.050637793,0.24574693,-0.2057787,0.21134937,0.099363886,-0.44861177,0.012547221,-0.023684407,0.0049770796,-0.19299604,0.3870236,0.03634602,0.21555422,-0.17335314,-0.1053317,-0.12680139,0.060317986,-0.34023583,0.2016801,0.22299843,-0.17561783,-0.028931469,0.15162253,-0.14530432,-0.22147885,0.25001195,0.19213016,0.23974223,0.28510612,-0.021321548,0.11936085,-0.21087909,-0.09614556,0.15740617,-0.22816834,-0.23764099,-0.15805118,0.093457475,0.016802847,-0.056909252,0.12554114,0.0035712894,-0.05166745,-0.11520758,0.1013443,-0.033714652,-0.21605206,0.101122364,-0.11201749,0.3118632,-0.2503387,-0.042923573,-0.14467052,0.1701378,-0.23856547,0.27378738,-0.072347976,0.19061227,0.4817947,-0.32504085,0.4730588,-0.060078774,0.19776466,0.0100459,0.08488438,0.122035176,-0.031021703,-0.054674994,0.02630924,0.031670693,-0.028980399,0.3120199,0.070752226,0.08899617,0.015292622,0.2869633,-0.18316619,0.2474567,-0.103371926,-0.3243231,-0.20781277,-0.16313489,0.014354397,0.2205388,-0.43096423
HDAC2,-0.039362654,0.20270509,-0.12331162,-0.021626037,0.060261227,0.193333,0.25975302,-0.061487515,0.086431324,-0.077638224,0.1197739,0.37136856,-0.109704256,0.18353482,0.5436091,-0.12868299,0.3315445,0.0377698,-0.06623459,-0.0012694368,0.29417986,-0.38793144,-0.2406809,-0.3393601,0.29392964,-0.033299748,-0.03757662,0.045508515,-0.27297202,0.07316682,-0.041640885,0.37194198,-0.07311908,0.23566389,0.3315352,0.35725847,0.14391091,0.18564586,-0.012604953,-0.33023676,-0.15481168,0.13451049,-0.029426515,0.09651695,0.08920718,-0.028769432,0.25039873,0.07232301,-0.084394515,0.23682266,-0.3071814,-0.21469897,-0.28653103,-0.15677525,0.043032344,0.06385382,0.12084157,-0.18417493,-0.1449401,-0.33743626,-0.057491064,-0.064842686,0.41087174,-0.14268805,-0.10733103,0.23307846,-0.097539105,0.14468008,0.24902062,-0.0029194606,0.19120969,-0.046626255,-0.01808841,0.15897973,-0.016032754,-0.16518496,0.3604386,0.10543627,-0.2758508,0.0429151,-0.1114005,-0.19773233,-0.237274,0.3456751,0.3920057,0.07388386,-0.006825003,-0.14019597,-0.318209,-0.41883287,0.050472025,-0.34493116,-0.25960842,-0.10850372,-0.03253532,-0.17371269,0.25653768,0.28820735,0.38529056,0.06268146,0.11868835,0.14064857,-0.059900038,0.14244543,-0.007815152,-0.15674384,0.20733275,-0.16378078,-0.06082741,0.5060058,0.12575586,-0.08922643,-0.1855323,0.07351188,0.07983574,0.08210714,0.2214333,0.001373445,0.367089,0.21057394,-0.52417225,-0.008355587,0.1809589,0.063310765,-0.26623148,0.048699245,-0.011143859,0.10601797,-0.16097477,0.29146084,-0.035324853,-0.13007024,-0.06373805,0.012691219,0.09696512,0.015160562,0.03753182,0.04677321,0.17951925,-0.22060834,0.16429631,-0.14528501,0.06878673,0.17956199,-0.16960806,-0.07891426,-0.21705015,-0.16935714,-0.102426045,-0.0121984705,-0.19103508,-0.2761859,0.22570103,-0.018792145,-0.14022657,0.15431486,-0.2629285,0.23637272,-0.18289138,0.013431811,0.054331228,-0.123150185,0.1827406,0.07736199,0.12792346,-0.3896792,-0.13883007,-0.12683076,0.13473226,-0.11411939,-0.1632594,0.33850455,0.115572155,0.41638815,-0.115100354,0.11148806,-0.025883777,0.033807646,0.013338415,-0.1443435,0.20660193,0.096597485,-0.12161894,0.14097716,-0.097645216,0.0014038444,-0.045069605,-0.06542498,0.1757223,-0.11801207,0.096911035,-0.16725485,0.08106141,-0.14800026,-0.035139527,0.06215202,-0.21572861,0.04534282,-0.005178855,-0.33758566
HDAC3,-0.16519922,-0.07437269,0.03990023,-0.008197409,0.09305131,-0.2119882,0.08261617,0.11632476,0.28396428,0.079714596,0.03048547,0.5907953,-0.2239511,0.26133612,0.14999416,0.026178524,0.024798593,0.14216383,0.112240404,0.11484839,-0.20355347,0.2945309,-0.06048164,0.21364035,-0.0058054384,0.077160664,-0.14569502,0.14951529,0.21542905,0.045726556,0.04799642,-0.0277533,0.30283245,-0.123683624,-0.03743841,0.26158828,0.10174626,-0.06755732,-0.2850932,0.21596637,-0.1977831,0.24675146,-0.16114314,-0.26245147,0.27527264,-0.039862152,-0.11893445,0.02969983,-0.07864068,0.3447501,-0.1853611,0.04738691,0.23944752,-0.20406258,-0.32217216,0.22264291,-0.05271764,-0.121039666,-0.12018207,-0.11016255,0.25947294,-0.33013934,0.003207394,0.13788342,0.043036353,-0.23207854,-0.082246855,0.1201845,-0.10289237,0.08156997,-0.115408204,0.049082052,-0.21093993,-0.20985673,-0.1029741,0.0430078,0.06440078,0.03761938,0.14869587,0.015071282,3.2328484e-05,0.15347807,0.07770009,0.086669624,0.06940326,0.34228268,0.32224974,-0.21499483,-0.17980993,-0.22757594,0.064783,-0.09514243,-0.052573387,-0.28851053,-0.08216243,0.13833374,0.37808043,0.1099885,-0.0041330024,0.08444862,0.25398332,0.0803129,-0.17739515,0.1784604,-0.26322618,-0.23427911,-0.054583143,-0.02022999,0.30916405,-0.075873755,0.18636471,-0.5612109,0.06930625,0.15324894,0.018044025,-0.08666246,0.16682167,-0.18535133,0.108026415,0.37014338,-0.084372915,-0.00044903794,0.124464616,-0.05946803,-0.20337728,0.06216113,-0.20021436,0.37101293,0.17729966,0.8263999,-0.13196254,-0.31528723,-0.094135314,0.34479225,0.10611994,-0.049500283,0.2107524,-0.15887047,0.05546319,0.0035249782,-0.040257733,0.07047567,-0.0620873,0.12730716,0.021891002,0.09583448,-0.07617504,-0.12690379,-0.20481853,-0.24985181,-0.096338764,-0.2802317,0.21043687,0.1159229,0.12808587,-0.18852171,0.14919661,-0.5647566,-0.080769636,-0.095253736,-0.093001276,0.08810612,-0.2402463,-0.16775624,0.20985767,-0.54866815,0.15907556,-0.27308124,0.19129066,0.14310563,0.16386886,-0.055981923,0.07368351,0.0050119124,-0.17140034,-0.011881299,-0.29146576,-0.18640058,0.10219019,-0.44357222,0.079771474,0.2179629,-0.13290274,-0.40003425,-0.07228962,0.24333355,0.038559254,0.14461264,0.08930775,0.103479885,0.14567758,-0.35180834,-0.059112832,0.1557933,-0.15849422,-0.0019870028,-0.13121268,-0.2058067,-0.0027582361,-0.12236715
HDAC4,0.019769417,0.19156648,0.06442884,-0.03110798,-0.056698415,0.041949797,0.31856534,-0.09248858,0.17638949,-0.1004827,0.2760416,0.09696836,-0.010715954,0.16333267,-0.022065433,-0.094882116,0.18418224,-0.46611145,-0.009795162,-0.06897079,-0.17664936,-0.23418687,-0.39522272,0.28775278,0.108293615,0.031055646,0.0022132827,0.18483704,0.07888309,-0.000806093,0.3129168,-0.22787644,0.061015166,0.069184646,-0.08124279,-0.027073698,-0.0627217,0.20708662,-0.22899991,-0.07324947,0.052051436,0.090375304,-0.21074052,-0.31213492,0.17744114,-0.058468558,0.14127614,-0.11300953,0.1456077,0.059081573,-0.2241093,0.14538538,0.06971374,0.37784094,0.032646727,-0.13201816,0.0520712,-0.05776126,0.16357136,0.23632957,0.03515603,-0.24266037,-0.05684624,-0.065062575,-0.17517816,0.02956263,0.06986686,0.074766085,0.0730093,-0.16689742,-0.104174815,-0.22537826,-0.07937945,0.027472682,0.18154971,0.34764385,0.17309454,0.16445656,0.16182002,0.2173793,0.11820134,-0.26078087,-0.19200408,0.17521235,-0.0990277,-0.26132992,-0.15886651,-0.29287323,-0.15535443,-0.0452323,0.09151625,0.042260572,-0.038446207,0.18470293,-0.13311033,0.28814209,0.178163,-0.039629593,0.22606446,-0.035273552,-0.24882472,-0.15896326,-0.07846868,0.19256237,0.04731516,0.08314957,0.114295095,0.1253395,-0.14142609,-0.025238484,0.02557113,-0.1606839,0.23699436,0.2575557,0.18871029,0.24943297,0.010214126,-0.1350573,-0.10461468,0.026978785,-0.21168494,0.14683482,-0.021126207,-0.013157324,-0.058097273,0.13251457,-0.12592101,0.00810774,0.03875947,-0.33674687,0.086251386,-0.14803159,0.0351312,0.3764437,0.026210267,-0.28491122,-0.009188119,0.3558564,0.12729232,-0.085091785,-0.021510014,0.022890283,0.15909822,0.2657739,-0.22769734,-0.023226742,0.185788,0.28863752,-0.20715268,-0.03291469,-0.22749764,-0.051302277,0.20285273,0.109031975,0.3517655,0.0021657313,-0.064836346,0.011506239,-0.09926123,0.12869607,0.07584153,0.11300653,-0.069923386,-0.14684471,0.07644107,-0.14048423,0.030107152,0.3609636,0.102546684,0.11540253,0.032506343,0.039026357,0.06771011,-0.016174821,0.028711831,0.10785122,0.20492122,-0.020444112,0.1519861,-0.2973186,0.0952181,-0.08094358,-0.0025961332,0.06898293,0.10783614,-0.038784016,0.2212252,0.023464683,0.029090352,-0.004145371,0.024009127,0.23609555,0.0740122,0.0016234305,0.11445043,-0.32899457,0.12798919,-0.00556467,-0.22490351,-0.083678216
HDAC5,0.0843325,0.104058646,-0.65326786,-0.1999119,-0.030136382,-0.21116544,-0.16862969,0.2523014,-0.37837106,0.11520447,-0.27706897,0.076116174,0.17479812,0.34175697,0.0071672103,-0.023573603,0.3824898,0.21224354,0.26234853,0.07805295,-0.1216338,-0.19236694,-0.25855365,0.39582422,-0.21764365,-0.036246896,-0.18092403,0.0033513554,0.033936385,-0.18810922,0.23714711,-0.059336815,-0.032657143,-0.11285094,0.048568767,-0.08026976,-0.026128339,-0.2099618,-0.10692619,0.032582615,-0.09560651,0.04500962,-0.11193341,-0.23010696,0.48614314,0.32180426,0.15869108,0.007872018,-0.42254058,0.43574,-0.07179808,0.26717046,0.011443018,0.27019638,-0.22377406,0.08478409,0.24634752,-0.13546772,-0.12998454,0.0308563,0.18346982,-0.45232877,-0.1072115,-0.06197857,0.2182009,-0.22090973,-0.0035398738,0.2970382,0.20211117,0.10962184,-0.12271501,0.15423039,0.29479405,0.25890076,-0.21663405,-0.025250748,0.09159284,-0.04452267,0.008020069,0.21283206,-0.10283642,-0.061434757,-0.027529303,-0.050865132,-0.21031089,-0.16937181,-0.01679761,-0.13762112,-0.09371965,-0.03348563,0.09414725,-0.11841787,-0.05802598,-0.05163163,-0.022058344,-0.1807893,-0.10532898,0.094290055,0.29997864,0.18271807,0.1417476,-0.05535502,-0.4205644,-0.36514765,-0.1658351,-0.07374132,0.13087341,0.0015658956,0.0062339897,-0.070620656,-0.12433237,0.053582,-0.2556743,-0.076556586,0.38490134,-0.003924034,0.1201203,-0.24884444,-0.021514907,-0.11747552,0.13588707,-0.30425707,0.072816804,0.20522077,-0.09338633,0.15546843,0.13793947,-0.17147407,-0.32973534,-0.018349968,-0.22343646,0.19903366,0.032169707,0.47565672,-0.20393966,-0.29288328,-0.12355109,-0.43975535,-0.2823422,0.29710636,0.19280413,0.27167612,-0.25467014,0.3814087,0.12712687,-0.12836702,0.24394156,0.058933854,0.122499,-0.075912915,-0.14443661,-0.056106832,-0.04141943,0.11216462,0.26077422,-0.19084455,-0.13947752,0.118083976,-0.01213684,-0.346036,-0.12207179,0.14329787,-0.22956856,-0.02007046,0.4030281,-0.34540904,0.16054134,-0.2722653,0.11516219,-0.1987914,-0.011760508,-0.25722364,0.03658904,0.2600011,-0.3246501,0.02633523,-0.21623483,-0.19472341,0.07596508,-0.36905614,0.30650994,-0.124242656,-0.16197076,-0.27566206,-0.17001459,0.029176667,0.18765438,-0.17891474,0.34575865,-0.005495279,0.22552751,0.103449464,0.15326044,-0.39762974,-0.1435141,-0.2779887,0.05643301,-0.2766702,0.17898025,-0.019115435
HDAC6,0.23360738,-0.33923626,0.10161662,-0.5576162,0.07309403,0.035572693,0.06674451,-0.009227611,0.0740368,-0.18677731,0.09445809,0.25922537,0.34056002,0.1762212,-0.19217467,0.17742506,0.14413935,-0.106687374,-0.015487205,-0.1632681,-0.25241756,-0.26301846,-0.13193277,0.40131363,0.06493546,0.13340892,-0.02195771,-0.056207664,0.22751956,-0.109669216,-0.30662012,-0.19028227,-0.053486597,0.1534498,0.009379383,-0.104136,0.20590703,0.016976623,-0.44625852,-0.008532482,0.05217699,-0.15504622,0.053582296,0.17029454,0.12653115,-0.06762365,0.042486437,-0.15129608,-0.32576644,0.084094204,0.19634019,0.4857553,0.032705333,0.13002194,-0.36959478,0.10709182,0.035467934,0.03670067,-0.04420883,-0.13478398,-0.0048792637,-0.2728041,-0.17710769,0.04512298,-0.21405363,-0.08657976,-0.32086512,0.053093504,0.25745022,-0.024708973,-0.1941266,0.1739586,-0.17880815,0.23997864,-0.20446949,-0.24502009,-0.14299731,0.10332911,-0.009362399,0.4925175,0.15650742,-0.042880278,-0.1338045,0.11936798,-0.09020136,0.043450493,0.14408593,0.21959221,-0.34853566,-0.34386075,0.037925683,-0.2385818,-0.14342622,0.034108747,-0.29156262,0.19894077,-0.1801629,-0.21220616,0.07020134,0.073570535,0.11753345,0.39694694,-0.08147689,-0.16695938,-0.048922926,0.13751376,0.083151795,0.10846005,-0.031400215,0.10261309,0.07645138,-0.26264217,-0.025759669,0.15377857,0.21143278,-0.066081606,0.110466205,-0.03707851,0.17107244,0.02149017,0.037853416,-0.12913732,-0.08702849,0.17176704,-0.09000564,0.050836448,0.00072725955,-0.1716678,0.21076429,0.10907022,-0.05787527,-0.07901121,0.18730703,0.14587668,-0.0038570766,-0.22926073,-0.40426204,-0.15294468,0.006015514,-0.20410745,0.36267653,-0.11231819,0.16342458,0.06770272,-0.30973065,-0.32037398,0.066326246,-0.34818256,0.123357505,0.065987036,-0.07664011,0.009012857,-0.089183666,-0.022248115,0.25704026,-0.110505305,0.10419912,-0.0023966455,0.035977412,-0.1633657,-0.29675263,-0.14889307,0.16011277,-0.13555515,0.14062114,-0.3380517,-0.15501478,0.015775606,0.21237025,-0.023109453,-0.22651674,0.110551775,0.091064215,0.34711757,-0.23402674,0.23115703,0.0020458528,-0.2258419,0.09559274,-0.01132091,0.078351505,0.06772638,-0.046235953,0.06632217,-0.05324923,0.49261177,0.28986466,-0.117103554,-0.1655508,-0.1497605,0.36331558,0.25299692,0.18815231,0.12936608,0.17487207,-0.0040377285,0.09460161,-0.25315875,-0.12681462,0.0031407808
HDAC7,-0.047047026,0.050883014,-0.21605448,0.00428532,-0.050979342,-0.14465465,0.12449474,0.27594495,-0.03645435,-0.28533086,0.07565806,0.18224481,0.1243342,0.54892117,0.123633355,-0.12660663,0.24088457,0.14718708,0.07787945,0.117311135,-0.33083275,-0.09975375,-0.12539305,0.26526517,-0.32789332,0.18132357,-0.30264887,-0.2540579,-0.119052015,-0.22180897,0.19997482,0.06579776,-0.10036822,-0.015228561,-0.07551926,0.22231835,-0.17178224,0.21964784,-0.26970047,0.14388365,-0.003895503,-0.19433463,-0.1753274,-0.14926139,-0.046180815,0.3540177,-0.058914628,-0.020151677,-0.17301235,0.15079132,0.11647157,0.111961186,0.1532475,-0.22185679,-0.24310374,0.035163596,0.099823065,0.015962768,0.12422707,-0.052382816,0.089809254,-0.2613218,0.11097177,-0.018298645,0.028131671,-0.05052027,-0.1306215,0.20966086,0.33210805,-0.06401526,0.010295477,0.0032302763,-0.39275223,-0.03190716,-0.11215242,0.16924249,0.10924341,-0.045959555,0.3187143,0.28490993,0.14631444,-0.22289439,-0.1570453,0.24165587,-0.065479875,-0.1345399,0.3297359,-0.32337496,0.011126672,0.00843371,0.22787963,-0.21525665,-0.09449863,0.17481987,-0.011093638,-0.04217699,-0.032248884,0.13938735,0.08438549,0.20023707,0.22243369,0.4494006,-0.16411224,-0.100642025,0.019528516,0.06932871,0.23110905,0.07556776,0.07446909,-0.12524594,-0.25616932,0.023472294,0.01160935,-0.10754639,0.4363471,0.18812235,-0.09368626,-0.09970486,-0.030631123,-0.4167127,0.04028522,0.1267895,0.24106717,0.24530958,-0.029446583,0.07581612,0.06943343,0.043602526,-0.1709824,0.1933323,-0.16239394,0.18507236,0.020461684,0.09519813,-0.054546796,0.055953078,0.26170185,-0.041736286,-0.12109349,0.26099145,0.19697054,0.14109516,-0.18355514,0.18189244,-0.068487,0.029708987,0.36395305,-0.0017452964,0.53925824,-0.2320293,-0.119495824,-0.10491811,0.12706974,0.16480982,0.15490831,-0.14527026,-0.20070083,-0.15899222,-0.046756346,-0.52322817,0.47899064,0.16885707,-0.22179215,-0.049303263,0.15460868,-0.17119135,0.27181515,-0.2311991,0.37909797,-0.039653365,-0.113984175,-0.3275826,-0.028112197,0.07278841,-0.004830504,-0.09490358,-0.3310135,-0.021307528,0.2415785,-0.42311347,-0.04426965,-0.15260395,-0.29882115,0.06664836,-0.13363098,0.09739462,0.266142,-0.025817709,-0.055112593,-0.24575122,0.04617637,0.10432794,0.2206211,-0.14897317,0.20747845,0.050616324,0.2761405,-0.12937197,-0.075803235,0.025461452
HSP90AA1,-0.056843027,-0.05322992,0.01359549,-0.23451574,0.264378,0.08609656,0.16272783,0.3563201,0.14344116,-0.24403676,0.3032557,0.2727229,-0.29225343,0.089690104,0.014477464,0.10599036,0.04110052,0.1553971,0.14392076,-0.118594185,-0.3563324,-0.21213634,-0.42683882,-0.2841297,0.33034018,-0.24590126,0.15171266,0.2356012,-0.023941508,0.054763425,0.1704643,0.026405314,-0.063987255,0.012739744,0.35084975,0.3217767,-0.026925705,0.047423013,-0.20297255,-0.044806097,-0.33867568,0.23005283,0.06456315,-0.06208261,0.19556259,-0.2604679,0.34250954,0.57806623,-0.095718935,0.019749692,-0.29865795,-0.1657724,0.029838093,0.22788599,-0.16420619,0.1201232,0.15309834,0.17674376,0.06259748,-0.124851,-0.010334287,0.09238613,0.50572747,0.22882655,-0.1961033,0.0832586,0.016243396,0.1965719,-0.10041243,-0.0036051346,-0.14580964,-0.34402323,0.10290214,-0.19623014,-0.079170614,-0.12468788,0.22828296,-0.031359546,0.0817388,0.10482603,-0.24714962,-0.02326996,-0.11812892,0.21386285,0.2405051,0.06795008,-0.06465969,0.009436772,-0.05822781,-0.37086838,0.21783935,-0.50027645,-0.19234765,-0.01513527,-0.03293287,-0.05393167,0.33425814,0.17603877,0.3541442,0.15491085,0.29106945,-0.0018725542,-0.07975806,-0.010203835,0.05219808,-0.20145756,0.23482615,-0.10249644,-0.18427432,0.15327747,0.102537386,-0.50445396,0.16002338,0.051979207,0.092374384,-0.017129725,0.13779703,-0.21607983,0.37105417,0.024458578,-0.16040511,-0.2956574,0.14409055,-0.12666374,-0.0779793,0.12696366,0.15628463,0.21062288,-0.15603293,0.12237531,-0.09809351,-0.06279162,-0.08367817,0.11177821,0.027911952,0.0005564867,-0.0737762,-0.046518367,0.27913672,-0.29079843,0.033123575,0.05026761,-0.12618884,0.16553684,-0.29611522,-0.12825282,-0.3173722,-0.2561702,0.12938997,-0.2044267,0.04963365,-0.3703785,0.105562106,0.10566213,-0.19494566,-0.08111658,-0.0027462612,-0.024693273,0.14100365,-0.117028564,-0.073149756,-0.14639017,-0.116033494,-0.15589422,0.059236724,-0.12655617,-0.08484655,-0.18663092,-0.091064066,-0.051694598,-0.31837496,0.18764359,0.28198874,0.27148545,-0.4301946,-0.07864417,-0.20888445,-0.12387285,-0.003242916,0.0009636109,0.5176035,0.16599923,0.01321915,0.0168279,0.19929573,-0.08521568,0.02468678,-0.02533994,0.12231967,0.019224778,0.19297725,-0.06829272,0.29105943,-0.17855704,-0.34558994,0.09021575,-0.09218002,-0.13514163,-0.25226897,-0.22677524
KIF11,-0.14813389,-0.04503808,-0.20385654,-0.24933003,0.580665,0.57780206,0.5019457,-0.04116236,0.5544083,-0.13243131,-0.19780408,-0.20209536,-0.02423873,0.25097716,0.2828203,-0.31008703,0.33588666,-0.258334,-0.09330426,-0.04350721,-0.713944,-0.30719715,-0.43090972,-0.40277427,0.5886685,-0.23615816,-0.018205512,-0.1733767,-0.1541437,0.14979613,-0.15914406,0.19529647,-0.5438224,0.41866928,0.17302723,-0.02589071,0.12735146,-0.11653764,-0.11940421,-0.14391491,-0.17969187,0.105777614,-0.16742794,0.00906434,0.17039256,0.088995375,0.47669953,-0.14540635,0.13443065,0.21009608,0.07019449,0.20640245,-0.22162029,-0.16884448,0.030102326,0.25900623,-0.18652697,0.17778035,0.082391724,-0.356633,-0.24049236,-0.3827869,0.43733186,-0.11593901,0.19117899,0.26978076,-0.15143135,0.15484115,-0.12797035,0.23009373,-0.02688569,-0.32079837,0.20403974,-0.060966562,-0.28346965,-0.50062305,0.29236466,-0.18432546,-0.68740284,0.18817687,-0.3078134,-0.2841277,0.13967021,0.22990942,0.13406797,0.070907824,0.01842992,-0.5328972,-0.188809,-0.3116311,0.1162967,0.08545226,0.2349295,0.09133976,-0.05561671,-0.2451625,0.18646689,-0.060938787,0.08157398,-0.15037915,-0.29432067,-0.011048604,0.060100853,-0.3904893,0.056105144,-0.29702532,0.22242501,0.0072189416,-0.023735762,0.12941682,0.19117635,-0.33513838,-0.50737613,0.13151631,0.3792575,-0.11209933,0.10068564,-0.28294432,-0.05651513,-0.18299471,-0.45337072,0.42124933,0.4264838,0.28562137,-0.33073425,-0.34457356,-0.021225518,-0.11532165,-0.43476212,-0.3299524,-0.1528953,-0.28475815,-0.3495267,-0.030573346,0.45854387,-0.05522134,-0.25980115,0.03756626,0.30435613,-0.3044058,-0.115479544,0.050956223,-0.27431595,-0.085217535,-0.23819855,0.15377778,-0.58729964,-0.22859393,-0.35869896,-0.35894498,-0.17706305,-0.1191997,0.19392784,-0.33941162,0.041164674,0.24858719,-0.16395976,-0.21339834,0.3393466,-0.051391635,0.2644758,0.017850846,-0.054718487,0.25091863,0.42168057,0.25880906,0.0019497445,0.23261724,0.09853698,0.4962727,0.07127148,0.082577266,0.0456566,0.582267,0.1923166,0.0044112764,0.106648885,0.15169828,-0.27151215,-0.19236587,0.15248333,0.050127216,0.39844468,-0.11852038,0.1536466,-0.0773852,0.13632905,0.03894567,-0.014415599,-0.48095134,-0.24140163,-0.29379225,0.29907224,-0.29465622,-0.021991445,0.16576488,-0.43330395,-0.08388372,0.067517824,-0.55243653
LMNB2,-0.041832786,0.113680586,0.03640138,0.21949247,-0.013523302,0.008936137,0.14160988,-0.05464819,0.4906303,-0.2729716,0.09548669,0.04656197,-0.27395928,0.31173143,0.5781087,-0.15404068,0.4628344,-0.077995114,-0.26903558,0.17106411,-0.026360573,-0.49319503,-0.08521758,-0.30427068,0.23871022,-0.29233098,-0.3557917,0.21604091,0.34372398,-0.11958139,-0.19187532,-0.014160085,-0.30251357,0.12320137,0.27585804,0.10337509,-0.07973462,-0.1823465,-0.059204478,0.038707253,0.2703938,0.1674348,-0.029851217,-0.13353132,0.056187894,-0.002332259,0.012578342,0.05196583,-0.17925018,0.23699662,0.3805507,0.121931516,0.28990775,-0.36714444,0.035415694,0.2378978,-0.41898057,0.39421505,-0.47471756,-0.49922273,-0.0743482,-0.3289886,0.1251765,0.104634985,0.32645434,0.87579703,-0.14650638,0.4473345,0.16680464,0.24488689,0.2939908,-0.02745809,-0.05371884,0.028268883,-0.14103213,-0.20019303,-0.13714632,-0.26337236,-0.11997832,-0.34368065,0.017948108,-0.1026293,-0.34467107,-0.08663267,0.16842906,0.12829795,-0.08385563,-0.73136735,-0.10446621,-0.28048885,-0.033215355,-0.6328872,0.35208383,-0.3538619,-0.28280762,0.0041053956,0.3109736,0.018191343,0.023629047,-0.12751889,0.11065771,-0.11566891,-0.11958372,-0.34563062,0.047824625,-0.1630717,0.4967686,0.0011057673,0.035643082,0.022623653,0.13258894,-0.25226915,-0.4431815,0.01890312,0.22319774,-0.47852093,0.10440375,-0.21614964,0.22331199,-0.50898474,-0.50323516,0.24982479,-0.1683155,-0.0429346,-0.29783022,-0.19106959,-0.022186473,0.33788976,0.1573684,0.32362792,-0.037258986,-0.18696702,-0.093990505,0.25063363,0.5479653,-0.05828301,0.27911776,-0.026433151,0.05825118,-0.072917975,0.32929927,-0.10443693,-0.3018484,0.18912968,-0.012209772,0.19955009,-0.53278035,-0.07949281,-0.26261574,-0.51092714,-0.3501185,-0.19590078,0.36601773,0.103259936,-0.20859037,-0.21407732,0.16967966,-0.15593636,0.18094504,-0.027153572,-0.06454016,0.18040803,0.24417064,-0.4209989,0.57217956,-0.38151124,0.49971738,-0.37942362,-0.010513975,-0.19716981,-0.06128529,0.16655631,0.21061325,0.45026636,-0.31933665,0.5701977,-0.15570027,0.0026662278,-0.14502665,0.2282512,0.26432008,-0.22692925,-0.10970129,-0.113729626,-0.035313163,-0.023999965,0.053249687,-0.06584648,-0.040726613,-0.1226545,0.21481965,0.114584275,0.49277726,-0.06730348,-0.1297862,0.1546492,-0.2065198,0.22968356,-0.08522492,-0.3343495
LRPPRC,-0.25391638,0.20383152,0.11601119,-0.24269222,0.17218384,0.01454145,0.4261751,0.19699547,-0.13590755,-0.22386685,0.23289984,0.28947863,-0.1757994,-0.09798355,0.18451703,-0.20309024,0.10274115,-0.22699238,0.047165748,-0.15727584,-0.11820139,-0.22724158,-0.12292286,-0.14228702,0.29565123,0.1802592,0.10033867,-0.08600672,0.057978913,0.41459623,-0.33338162,-0.2792529,-0.30909112,0.1232953,0.48379096,0.00017710992,-0.20355442,0.06276073,-0.32493556,-0.129745,-0.2113645,0.14731142,0.02664375,-0.055625252,-0.02830004,-0.14959945,0.21089712,0.06966706,-0.13531803,0.020636478,-0.027049622,0.056989416,-0.16149618,-0.15884198,-0.15685757,0.48333505,-0.14227499,-0.030245544,0.001129834,0.15202537,0.29123706,-0.14796756,0.025626484,0.024200208,-0.19486505,-0.13865633,0.24043131,-0.06856754,-0.24044469,-0.18152405,0.25100073,-0.1950545,0.3074529,-0.08609014,-0.14792815,-0.30714554,0.26389593,-0.24125794,-0.51079607,0.3460915,0.010833803,0.15776974,0.081105046,-0.050310005,-0.06418309,0.058376476,0.075143375,-0.037702795,0.18228735,-0.39352503,0.09512444,-0.10595713,-0.06914118,0.016768433,-0.27938715,-0.2895029,0.029720508,-0.013719219,0.22056141,-0.13562587,0.008323172,0.120961584,0.20448907,-0.16220164,0.22661228,-0.33807266,0.3034711,-0.21815123,-0.082471475,0.34699142,0.12918292,-0.021044303,-0.15084401,0.19285697,0.16817701,-0.009452414,0.14482805,-0.0750073,0.19178231,0.11549153,-0.20780015,0.4521616,0.0032437076,0.0432183,0.0053483946,0.009230296,0.11558185,0.20968154,-0.38158584,0.27368772,-0.19634514,0.016614856,0.08306508,0.11296935,0.3778588,0.1181237,-0.06146249,0.4100181,0.28195703,0.010325923,-0.26132154,0.08068531,-0.20456924,0.15680449,-0.23762065,0.08607339,-0.08806423,-0.05806662,0.025017196,0.14811702,-0.12620111,-0.05459009,0.4475856,0.15324357,-0.14678894,0.15360928,0.20661896,0.1054447,-0.04782559,-0.116555676,0.06878386,0.004190355,-0.2886543,0.048461568,0.14173707,0.19766267,-0.11922333,0.06493916,-0.12805878,-0.03607317,-0.052452743,0.18861723,-0.15721597,0.2665074,-0.15539986,0.27247298,0.051874593,-0.03775661,-0.13876535,-0.24304874,0.14096439,0.2110712,-0.06475484,-0.023726625,0.15015212,0.218599,0.12376327,-0.075771466,0.0068752063,-0.08657518,-0.10175081,-0.37131724,-0.072755024,0.20922278,-0.1260288,0.2007009,-0.108218044,0.40622136,-0.014046581,-0.44598976
MELK,-0.22701111,-0.118817165,-0.38381386,-0.26439118,0.18223713,0.050733212,0.43182436,0.24036683,0.63745993,0.09191232,-0.19754903,0.04103023,-0.10688045,0.21420145,0.20592973,-0.4065837,0.1119129,-0.28081098,-0.059192058,0.13607134,-0.34704843,-0.36396214,-0.22743061,-0.47425038,0.24713312,-0.2605234,0.09722187,0.1843375,0.0171898,-0.34547254,-0.42592013,-0.09344572,-0.7298691,0.18588766,0.1431151,-0.10903868,0.0943961,-0.21763612,-0.052505765,0.54069144,-0.21478637,-0.48234567,-0.12658392,-0.21029192,-0.024884718,0.15065023,0.5398782,0.31505683,-0.08666122,0.2538044,0.030639708,0.108224496,0.16945763,-0.055602502,0.12629013,0.044869885,-0.28172126,-0.023136178,0.2914862,-0.17251804,-0.4276171,-0.20948346,0.15066408,0.12236057,-0.28246856,-0.28303453,0.106453165,0.10695284,-0.045426905,0.29335266,-0.269519,-0.0605425,0.24120548,-0.09048419,0.33837745,-0.15824383,0.16633202,-0.12638265,0.041076303,-0.26173717,0.01251341,-0.2785676,0.021869631,-0.09774535,0.38765648,-0.25948215,-0.23962845,-0.3151587,-0.32684654,-0.05176738,0.21605977,-0.1549199,-0.048574984,0.29656887,-0.43561047,-0.42208907,-0.022742053,0.114887156,0.07967645,0.15713254,-0.04448074,-0.19085236,-0.1307291,-0.37132272,0.0841277,-0.12492155,0.37549987,0.0813744,-0.2873378,-0.11466676,-0.226566,-0.17664742,-0.43285668,-0.16648068,0.633677,0.11432429,-0.28649867,-0.31959307,-0.26077637,-0.4565756,-0.6756758,0.14225332,0.16054742,0.58924776,-0.05399311,-0.36899206,0.12459775,0.21835281,0.09103891,-0.1283316,-0.21241905,-0.058253285,-0.7940638,0.033585005,0.11803633,-0.01003255,0.31737804,-0.086248755,0.14169896,0.044517446,0.31912768,0.15978505,0.05087371,-0.035531223,0.11587255,0.35689652,-0.5307914,-0.031548686,0.036426328,-0.34051797,-0.013678721,0.07615785,0.065041676,-0.313226,0.046035994,0.18465056,0.10762266,0.3524248,-0.16085397,-0.17291138,0.40815148,-0.10300617,-0.040383577,-0.19446754,0.4675594,-0.014786039,-0.34657595,-0.3245562,0.26501653,0.03964442,-0.028169528,0.1687892,-0.060582582,0.45847824,-0.41296282,-0.029484164,-0.034360915,-0.5937443,-0.639545,-0.24291462,0.19210662,-0.1958714,-0.27799755,-0.22238539,-0.08366772,-0.25735223,0.13530599,-0.20381564,-0.0521096,-0.34072858,0.32212514,-0.21337625,0.21213983,0.080779485,-0.14706333,0.15007333,-0.18402475,-0.25090036,0.1886068,-0.009296129
MTOR,-0.10193665,-0.12716508,-0.4480309,-0.060401507,-0.026021548,0.022530057,-0.15868518,0.47702232,-0.18148302,0.28120065,-0.024700997,0.26115167,0.03891536,0.2218523,-0.33744124,0.4114755,0.39394742,0.09494004,-0.16049255,-0.013796978,-0.07879898,-0.15753637,0.054313865,-0.20120995,-0.22020115,-0.07026592,0.24727887,-0.320446,-0.12179348,0.08662302,0.13759992,-0.5525339,-0.015419746,0.0084873075,-0.2099058,0.06962485,0.076706424,0.08010433,-0.07214287,0.00491689,-0.092590176,-0.04067288,0.032814566,-0.1497118,0.13638003,-0.051119678,-0.15002795,0.23402464,-0.22746336,-0.049244232,-0.29422265,0.33293027,0.032466806,-0.14189571,-0.22745465,0.0399531,0.2079384,-0.051832687,0.07565704,0.1376156,0.026522009,0.09759125,-0.4752678,0.20833795,-0.22602507,0.124866664,0.23305622,0.5555249,0.10713153,0.30422035,-0.116177216,0.015324069,-0.33408,-0.03824287,0.067570604,-0.09342103,0.15433213,-0.048294574,0.32498485,0.031694777,0.098487884,-0.19205129,-0.20428899,-0.28172186,0.13397604,0.10780592,0.08442386,0.19991815,-0.37478083,-0.29407835,0.28797713,-0.16026428,-0.025647089,0.08249445,-0.20195723,0.09054332,-0.25519833,-0.14300947,0.24502835,0.1750016,0.15980984,0.21930377,0.11587424,-0.24545042,0.05796887,0.074219845,0.17973602,-0.18073794,0.00029935513,0.12140878,0.14462633,0.121603675,-0.09773125,-0.109089226,0.057815753,-0.1409842,0.18828453,-0.6771814,-0.05622891,-0.394443,0.18369913,-0.22357507,0.03986282,0.19916928,-0.050737828,-0.27009007,0.011237296,-0.07519828,-0.1333952,0.3557288,0.076808095,-0.12870285,-0.16639374,0.18320912,0.22368729,-0.33952835,0.32334226,-0.18647708,-0.14399117,-0.09773733,-0.0702659,-0.13931257,-0.4226635,-0.178133,0.121982954,-0.019099342,-0.06496647,-0.13943362,-0.047204345,-0.35867697,0.053920932,0.27386048,-0.027722336,-0.0835545,0.17423443,0.073567666,-0.28271613,-0.08567649,-0.03018768,-0.2689211,-0.2955127,-0.25324,0.16088438,0.124822654,0.41679513,-0.31554967,-0.31033143,-0.05178215,0.120871425,-0.26973337,-0.05053097,-0.05928325,0.052953925,0.14022413,-0.55131084,0.37106067,0.009715538,-0.036293965,-0.07489319,-0.3261898,0.015562315,0.12060757,-0.27751046,-0.49196318,-0.29199642,-0.068028204,0.23553717,-0.23234792,-0.009529704,-0.15350604,0.4434799,-0.019389512,0.2421831,-0.032350145,-0.15708685,0.10090816,-0.16421592,-0.20447339,0.2450904,-0.10315183
NDUFAF4,0.14251603,0.032082338,0.1487067,0.037182055,0.4363367,0.17371106,-0.09132076,0.03711669,0.2450104,-0.27581835,-0.015871365,0.2106806,-0.07508779,0.14352629,-0.04757285,-0.40745077,0.17562842,-0.20072141,-0.26492786,-0.014002078,0.077546574,-0.26581174,-0.014488525,-0.662822,0.012242492,-0.18784839,0.14803481,-0.26098424,-0.030087888,0.23108605,0.0993757,-0.09843494,-0.23129158,0.48989105,0.29912317,-0.09305048,-0.10036621,-0.22850919,0.10294162,-0.19926141,-0.28073788,0.48701984,-0.00578577,-0.42087367,-0.058912568,-0.15739623,0.0875493,0.29910415,-0.0009309373,0.12919968,-0.23618601,0.16382729,-0.4617854,-0.09608931,0.28303084,0.23418105,-0.1665378,0.33014026,0.033836074,-0.07520139,-0.09240177,-0.26444036,0.12020891,-0.09090705,-0.2074451,0.50785047,-0.14550397,0.36992022,-0.027821278,-0.12503365,0.36889535,-0.08614757,0.07702861,0.14407952,-0.20212938,-0.18376727,0.365723,-0.21792363,-0.25167847,-0.05742874,-0.167592,-0.0021989448,-0.14934352,0.05034139,0.054606475,0.13095303,0.06198669,-0.028163219,0.09884299,-0.33351627,0.20504564,-0.2183077,0.27901244,-0.032042846,-0.21574682,-0.33664694,0.30936933,0.15413202,0.5527219,0.22838305,0.0074630217,-0.3171226,0.20863876,-0.02528254,0.18725978,-0.40023655,0.18513715,-0.0987049,-0.09109309,0.3952128,0.12224278,0.17011328,-0.28748462,0.07667759,0.23046477,-0.08996339,0.076344505,-0.15799853,0.14305916,-0.50059825,-0.11876501,0.27224648,-0.20325312,0.09157836,-0.31390637,-0.22575615,-0.15730329,0.105795376,0.22894514,0.23627909,0.40300345,-0.1487676,-0.13290021,0.11820506,0.5664893,0.10809102,-0.0046055415,0.27202365,0.19380218,-0.21668102,0.17899604,-0.22469755,-0.35085863,0.13407229,0.08277692,0.028798126,-0.19841333,0.026477214,0.00787129,0.13078922,-0.084578566,-0.11980209,0.27575248,0.017207023,-0.46782488,-0.24271815,-0.30978665,0.17442398,0.027250659,0.089545585,-0.03964947,0.025372673,0.037004437,-0.075788476,0.19590116,-0.099272676,-0.009046662,-0.13974725,0.041935895,-0.19884002,-0.028759016,0.24811691,-0.018553445,0.031607576,0.042471565,0.4649154,-0.10328089,-0.12452356,-0.28278083,-0.06446747,-0.058197144,0.03748052,0.15535414,0.19706063,0.41514468,-0.108505026,-0.29629087,0.009847299,0.12291292,-0.0068841097,0.19029145,0.01602487,0.08665948,-0.101309076,-0.11260282,0.21337794,-0.19673061,0.21059535,0.016921598,-0.08821658
PARP2,0.061829794,-0.0368255,-0.3603285,-0.22850618,0.2603473,0.20856068,0.12908801,-0.030973518,0.32167497,-0.13545331,-0.00923829,0.18244694,-0.34519863,0.2747653,0.1897651,-0.15171692,0.07448273,-0.09439846,-0.05917928,0.07647004,-0.2571344,-0.19621228,-0.21817096,-0.45076805,0.32983923,0.03248505,0.07821394,-0.09177832,-0.07873086,0.3416523,0.056561925,-0.22620083,-0.3207461,-0.08902876,0.21341044,-0.07256417,0.21395952,0.02301058,-0.38280585,0.22618236,-0.119674765,0.23099525,0.06394014,0.06956319,0.16115661,0.072631955,0.15046544,0.13890454,-0.28819722,-0.539547,0.013620016,0.22831337,0.14620978,0.020504355,0.17828181,0.18290778,-0.04290009,0.12772016,-0.02784971,-0.12627724,-0.15850148,-0.17438336,0.0043817237,-0.014529027,-0.004354076,-0.007886057,0.017100882,0.18570533,-0.27644858,-0.080623284,0.12796347,0.038632937,0.27557397,0.018149424,-0.20914845,-0.12074789,0.1517221,-0.28400767,-0.4092204,-0.09097843,-0.37378195,-0.046144497,0.12766722,0.045676313,0.03726547,0.039500345,0.23192963,-0.2593059,0.12110254,-0.13150036,-0.110169485,-0.35860068,0.30277288,-0.050247468,-0.23021655,0.07473115,-0.036453027,-0.04028978,0.16619122,0.029465077,0.06638787,-0.15479788,0.071004264,0.08433899,0.2309911,-0.31417468,0.27588168,-0.16697834,-0.0003671127,0.45579076,0.18407972,0.031265333,-0.34735778,0.13424128,0.15788622,-0.31699187,-0.07378834,0.08161404,-0.0010159061,0.09162622,-0.2483942,0.20017378,0.021611651,0.09813542,-0.07196682,-0.17744775,-0.34145,-0.07923301,-0.17314234,0.064918414,0.21752663,-0.16351755,-0.27510515,-0.2409409,0.36501342,0.053520404,0.15474877,0.3457777,0.1995029,-0.059350856,-0.33048528,0.075052425,-0.3114835,0.029046893,-0.030096412,-0.12978727,-0.44049618,-0.30665833,-0.19661672,-0.1533636,-0.14088036,0.004676829,0.21693608,-0.066840604,-0.18224579,-0.03811931,-0.06974979,0.20779912,0.07229632,-0.60514015,-0.053076252,0.08234793,-0.07253487,-0.07527403,0.10344653,0.10305932,-0.21761604,-0.07365702,0.11253765,0.036066454,-0.09070856,-0.02509203,-0.0391713,0.03553135,-0.07920389,0.23392898,0.04269115,-0.12149759,-0.49126995,-0.071520105,0.16612917,0.14951032,0.04374462,-0.26564255,-0.0060418462,0.041818183,0.1327433,0.28510296,0.17666574,0.1509858,-0.033854857,-0.09925382,0.0030108786,-0.08768983,-0.11947387,-0.076418504,-0.32197025,0.20728949,-0.09729297,-0.28054023
PGK1,0.02061892,0.13520354,0.15397866,0.06099075,-0.25578684,0.09766666,-0.1770241,-0.08630494,0.24280886,-0.09236037,-0.03358071,0.34090716,-0.31288192,-0.23282047,0.17537291,0.10083624,0.26259622,-0.008913664,-0.38004306,-0.10595198,-0.08321823,-0.04991493,-0.3756697,-0.12368016,0.37362173,-0.04739151,0.033698518,0.06728637,-0.47662455,0.21406832,0.05208037,0.04963,0.07145419,0.4299515,0.05941048,0.33162156,0.15323463,0.16430704,-0.06775452,0.0713413,-0.33612537,0.20973566,0.17932504,-0.11051109,-0.18301485,-0.20243867,-0.04124043,0.08982191,-0.0051930184,0.074715964,-0.29838708,0.0736567,0.030916728,-0.083896235,0.048866358,0.2564388,-0.1278654,-0.2313689,-0.011311064,-0.2404597,-0.06877832,-0.3663536,0.35284886,0.12831022,-0.3021635,0.0867335,-0.0059292037,0.11461321,-0.17882526,0.008093616,0.18804356,-0.0032496417,-0.009411554,-0.06105784,0.028528817,0.036056194,0.30677134,-0.29221794,-0.07310426,0.14072268,-0.18500707,0.04197752,-0.081479825,-0.028633913,-0.10210376,0.12078707,0.06485706,-0.27408016,0.29957834,-0.34181526,0.021269526,-0.035838775,0.2116479,0.05127623,-0.041408416,-0.2220274,-0.077931106,-0.27728528,0.18964455,0.15394971,-0.07473117,0.1313851,0.2668357,0.30793837,-0.008344066,-0.05588737,0.19932626,-0.42984107,0.27226198,0.31828374,0.058765315,-0.035495404,-0.010583961,0.20013362,0.11580018,0.111902036,-0.09607219,-0.1558938,-0.017331162,0.15185654,0.022338688,0.22010207,0.011850154,0.16578063,0.0045956178,0.05956342,0.085124865,-0.25230706,0.034907833,0.113036335,-0.030602483,0.18842302,0.05122763,-0.061937712,-0.3036271,-0.31292707,-0.12150549,0.1196127,0.12486152,-0.4291263,-0.25765106,0.042919282,0.054983955,0.37733367,0.14373812,0.13383642,-0.084560476,-0.32668924,-0.20543723,0.11818824,-0.25301358,-0.04139188,0.19942342,-0.11337126,-0.0127843255,-0.033026133,-0.19343339,-0.06473464,-0.059270438,0.04372986,-0.19092537,0.0044480315,0.31867823,-0.064513996,0.23380867,0.08144492,0.08543694,-0.37817654,0.16668028,0.08893235,0.00036646583,0.064402856,0.025452076,-0.08205058,-0.0006970914,0.2329454,0.28273228,0.016828869,-0.2293033,-0.14954196,0.33029494,0.54158336,-0.26036114,-0.18248744,0.30230382,0.3790502,0.32399604,0.13009594,0.02789198,0.25868455,-0.018312784,-0.2811027,0.26172477,-0.02909293,0.080577865,0.27870175,-0.20288014,0.25781876,0.051398635,-0.35811272
PTK2,-0.06672993,0.37829274,0.08236284,-0.24341775,0.115789376,0.14237577,0.08254572,-0.14423935,-0.087558694,-0.22122356,-0.25265136,-0.09354155,0.019655077,0.21186481,0.25511187,-0.11353135,-0.014118878,-0.044133242,-0.07634274,-0.27448773,0.11985337,-0.066080146,-0.28500515,-0.19737183,0.016832903,-0.06643201,0.118442826,0.028109292,-0.6167087,0.27276546,0.013170517,-0.18011567,-0.31551108,0.13862386,0.22802253,-0.117532544,0.35128573,0.2814288,-0.19120504,-0.3707786,-0.47824794,0.276959,-0.041766025,-0.12344338,-0.051090512,-0.06997029,0.02514897,-0.08857425,-0.10997962,0.043149464,-0.18171532,0.051115103,-0.36455065,-0.12542506,-0.10474175,0.3579245,0.292262,0.16027153,-0.16744927,-0.20682777,-0.18589053,-0.123633936,-0.038195647,-0.19394724,-0.11554276,-0.044960186,-0.19880252,0.38044137,-0.2680106,0.04970481,0.29809394,-0.21610051,-0.072804905,0.28745404,-0.010327108,-0.081829846,0.23938075,-0.07281598,0.059125155,-0.009853919,-0.48322392,0.09961254,-0.026773257,0.06673803,-0.053887166,0.05908676,0.21561553,0.19106638,-0.1340941,-0.19029608,-0.17823713,-0.41118598,0.043569192,0.08028419,0.11737092,-0.40286478,0.1340614,-0.0076390393,-0.1598754,0.10331714,0.24264005,0.00041529298,0.1098999,-0.06507658,-0.09387755,-0.14288265,0.42069826,-0.41106296,0.061973233,0.60808545,0.15238081,0.1924607,0.024890028,0.40912455,-0.07173278,-0.1788459,-0.10836066,-0.21461543,0.024415456,-0.11027092,-0.30998665,0.14346139,0.2382911,-0.20423874,0.029807411,0.027409615,-0.30659753,-0.035335384,-0.10416354,-0.09718858,-0.06563254,-0.020588936,0.16645305,0.11766335,0.3405847,0.30266112,0.16951732,0.1388892,0.112048425,-0.059105933,0.011265799,-0.03319116,-0.054921538,-0.21428819,-0.16635461,0.033749763,-0.07477794,-0.10714158,-0.004363465,-0.08598167,-0.12874378,-0.15867731,0.17475729,-0.11206622,-0.07133471,0.058326486,-0.091754146,0.15286806,0.1934736,-0.094213925,0.11384848,-0.041108027,0.012016135,0.038235784,-0.06503015,0.16323546,0.0065786075,0.09357012,0.0019944855,0.06392002,-0.025746612,0.16775641,-0.015917186,-0.13875362,-0.13484815,0.13533239,0.01545088,0.07657979,-0.12153673,0.04659296,0.008401098,0.029230706,0.16758293,-0.038849816,0.124069706,-0.14123988,0.33017525,0.02947807,0.10661321,0.0861334,-0.022150932,-0.116919085,0.059933893,0.07062142,-0.15038037,0.11465355,-0.2974305,-0.029840851,-0.18877016,-0.15787
PTPN12,0.115611166,0.15260659,0.40150684,0.0017284021,0.029465474,-0.07936551,-0.04872718,-0.15895668,0.15353632,-0.1621121,0.04631419,0.030432438,-0.012323872,0.106855854,-0.19365393,0.027248777,0.1364571,0.11256176,-0.07598374,-0.48205063,-0.2432362,0.21393183,-0.024242623,-0.1386329,0.060738534,-0.076578684,-0.06254707,0.037787754,-0.2948782,0.30130398,-0.011847528,0.08497162,0.2797733,0.12888156,-0.11414771,-0.004956169,0.19639817,-0.27623138,-0.28240603,-0.104810126,-0.33303124,0.086962685,-0.11685387,-0.33114702,0.32973355,-0.6248461,-0.17214946,0.5174035,-0.0006778892,-0.083791666,-0.245762,-0.06703837,-0.06124524,0.23610002,0.09953039,0.054758027,-0.07612051,0.2981137,-0.012634179,-0.111858845,-0.14840616,-0.043024067,0.22917506,0.10681877,-0.0675253,0.22284615,0.059200495,0.22168678,-0.062720664,0.11881327,0.21833418,-0.30026567,0.061493047,0.033405744,-0.1623038,-0.09237666,0.07371027,-0.022980498,-0.23316883,-0.145143,-0.007837112,-0.31941944,-0.18535483,-0.121001385,-0.13577017,-0.1968879,-0.19862834,-0.26898634,-0.28570768,-0.054038536,-0.029247167,-0.23397145,-0.12927034,0.10436848,0.09014136,-0.29726216,0.12068063,-0.1178856,-0.047067948,0.108693644,-0.040511016,0.31366992,-0.15183076,-0.026018126,-0.06125522,-0.06859288,0.129042,-0.28343326,-0.10830411,0.08548698,0.035686832,0.25334835,0.18196647,0.22070079,0.1681301,-0.34736294,-0.13873906,-0.5307638,0.20306571,-0.13171852,0.083769925,0.3440531,0.2515766,0.40295386,-0.031429622,0.09209607,0.024023492,0.13230433,-0.09857385,-0.20433454,0.024647798,-0.22952823,-0.106539026,-0.16288735,-0.08098253,0.30292583,-0.22984898,0.3306313,0.021121224,-0.6396619,-0.014942294,0.12068182,0.0426694,0.2198951,0.3237788,-0.020123448,-0.0340048,-0.24843559,-0.13439582,0.20211719,-0.33203542,-0.01937174,0.03823782,-0.18626145,-0.13330923,0.21491969,0.0040676626,0.4593127,-0.1087577,-0.06443063,-0.10141636,-0.029427497,0.031967185,-0.36913747,-0.01046434,0.014776866,-0.15500739,0.0975698,0.068115026,-0.09039342,-0.095648386,0.008670781,-0.011171345,0.18227981,0.09353421,0.1290016,0.07446164,0.30616188,-0.119752996,-0.35364443,-0.05206678,-0.012038187,-0.3452754,0.22775623,0.29430348,-0.04932884,0.23520444,0.07466841,-0.12623416,-0.13874948,0.18372537,-0.11475615,0.1377904,0.27605525,-0.010859357,0.17077674,-0.28279918,0.017073909,-0.09860812,0.14607564
RAC1,0.14874297,0.18505278,0.022081373,-0.021132968,-0.3322734,0.05737472,0.21859974,-0.015293869,0.08213732,-0.16710697,0.13741688,0.13344526,-0.18390298,0.10256444,0.13120058,0.022101192,0.2025567,0.13990915,-0.24007002,-0.37070575,-0.0013956648,0.21951135,-0.23182914,-0.23507155,0.34276685,0.08662918,-0.0286431,-0.11576174,-0.5005818,0.2634125,-0.06128864,-0.12188922,0.13782522,0.104742676,0.14809012,0.191698,0.26111305,0.3180725,-0.13766357,-0.14830296,-0.39268258,0.39391938,0.06087556,-0.024781676,-0.1162334,-0.3872903,-0.12592177,0.27056304,0.11466242,-0.029491212,-0.26875296,-0.013742042,-0.06811894,0.07918085,-0.21322578,0.33610776,0.35658854,-0.1764073,-0.13047123,0.061957017,-0.32910344,-0.03426828,0.29501763,-0.22775345,-0.18728805,0.056262676,-0.12025648,-0.019577073,-0.24210553,-0.0069972742,0.28888935,-0.14776614,-0.07947746,-0.06288172,-0.22102575,-0.14341666,0.4480168,-0.065854564,-0.29547587,0.2311289,-0.3368492,-0.17027017,-0.095654614,-0.021265488,0.14059661,0.06470543,-0.022643937,0.05978649,-0.1590451,-0.2843213,-0.30420867,-0.25802454,0.0029444634,0.2751937,-0.11278501,-0.34472004,0.03879829,-0.028184537,0.24893638,0.06033419,0.16474618,0.07500689,0.2277405,0.20239323,0.019590361,0.021860544,0.22667786,-0.4423197,0.0029731018,0.32593536,0.16960122,-0.16186602,-0.15528631,0.2371715,0.08008659,0.21668844,-0.060441654,-0.20744261,0.19807138,0.10154766,-0.021213135,0.20226425,0.27648893,-0.019438373,0.06300768,0.1719682,0.05679277,-0.08891895,-0.062019177,-0.07097641,-0.23024017,-0.20877935,0.13437316,-0.015133892,-0.043655246,0.09563777,0.011396334,-0.09397766,0.005521468,-0.23716629,-0.14378265,-0.19405127,0.123826355,0.17207436,-0.08579423,0.02987483,0.12416561,-0.12934847,-0.08663513,-0.1382959,-0.21948263,-0.013000708,0.03970998,-0.18843547,-0.1716989,0.44204047,-0.23761012,0.1240031,-0.10252756,0.042942513,-0.025810517,-0.25852296,0.15673456,0.10326807,0.10070588,-0.18652712,0.06392586,-0.19173971,0.2017334,0.09859654,-0.08501873,0.15536503,-0.03219505,0.0036412622,0.053917516,-0.02861403,0.17052242,0.08326841,-0.1726471,-0.377392,0.045563567,0.4241362,-0.2621235,-0.039451,0.25450522,-0.013087403,0.25135964,0.07512861,0.066533096,0.1517779,0.015125585,-0.13496509,0.003957071,0.15069242,-0.07292554,0.20044532,-0.15971343,0.15309618,0.2040077,-0.42320588
RB1,-0.020167554,0.030205948,0.28387216,0.016790166,0.24421357,-0.014303466,0.02874964,0.12291402,0.11182564,-0.3152358,-0.08111628,0.06588707,0.091136396,0.5853527,0.05779663,0.15685554,-0.21546368,-0.067919046,0.0481991,0.03826392,-0.24362965,-0.08355177,-0.07523398,-0.058432408,-0.088062845,-0.17346339,0.025917,0.016872363,0.12422952,0.087105066,0.1046376,0.20859303,0.22000359,0.10866401,0.09532419,0.16540433,0.23316734,-0.4202478,-0.19330184,0.08651649,-0.40029466,-0.29305503,0.0021656055,0.087548174,0.335048,-0.41802925,-0.20671764,0.6645421,0.31775296,-0.12299436,-0.5904572,-0.29409307,0.05175068,0.16436431,0.4044595,0.37254336,-0.24479583,-0.02663645,0.18774854,-0.15626796,-0.18279853,0.062525176,0.15559418,0.034638286,-0.21511117,0.09580996,-0.013327743,-0.07220401,0.24587508,0.13667855,0.4006289,-0.23635028,0.044362716,-0.02050139,-0.07756838,-0.40278292,0.05618177,-0.16250242,-0.4372414,-0.077610485,-0.32218754,-0.32559082,-0.08477989,-0.2978595,0.05236226,-0.15350066,-0.16834122,-0.025828779,-0.11502566,0.053751126,-0.20729949,-0.33946714,-0.23519734,-0.027730161,0.23422243,0.06440554,-0.1046237,0.13572325,-0.054753955,-0.107786894,-0.27499467,-0.11815095,-0.4827916,0.14731249,-0.28489402,0.034441967,0.27977324,-0.086202964,0.0444589,-0.017678607,0.3887454,0.047115736,-0.16004373,0.40024105,0.28498498,-0.024132881,-0.25411552,-0.58350813,0.21848086,0.0222765,0.0501865,-0.028709967,0.041858796,0.25817138,0.3352877,0.0057012606,0.25171232,0.19026484,-0.38718486,-0.12826942,0.1475444,-0.1673781,0.08058099,0.039404277,-0.16861698,0.028648116,0.18734886,0.09894502,0.43642098,-0.5445959,-0.01239471,0.11386189,-0.008139262,0.077180184,0.46393314,-0.06376363,0.012704783,-0.6061277,-0.039663013,-0.098917946,-0.12679987,0.04183665,0.10780684,-0.15533198,-0.1412338,0.12165238,-0.15045466,0.103270225,-0.20116577,0.05032593,-0.043575544,-0.08190303,0.26897475,-0.37900037,0.16523606,0.4006375,-0.34184876,-0.05976338,-0.29638237,0.26733258,-0.33498552,0.15690455,0.16737787,0.20208435,0.1385438,0.35905,0.12646759,0.09814353,-0.2037144,-0.2026491,0.51607406,0.14691938,0.01623306,0.086967915,0.30494905,-0.012612328,0.31598797,0.04348511,0.10510524,-0.07138977,0.1487595,-0.023462033,-0.0050749877,0.15668,0.17156278,0.33653003,-0.5915209,-0.0425461,0.23543164,-0.26566938
RPS6KB1,-0.04532316,0.23778968,0.18267329,0.059975065,0.034604277,0.1236872,0.32021987,-0.024208479,-0.18391243,-0.11434616,0.057217576,0.14739193,-0.06740897,-0.121291846,0.20409496,0.008011925,0.0035844394,-0.19068456,0.15117487,0.002336635,-0.4013186,-0.043044746,0.24936886,0.08883354,0.24207015,-0.045880932,0.11634512,0.07922772,-0.5826632,0.09106904,0.18547481,-0.22045535,-0.2001506,0.017652083,0.15260878,0.04595845,-0.14378387,0.032256782,-0.3470093,-0.030174,-0.3492667,0.076788925,0.08317261,-0.12369567,0.29754335,-0.46795425,-0.23381871,0.48175234,0.17272301,0.14142425,-0.37422568,-0.022207279,-0.08586548,0.1968622,0.2272014,0.43933654,-0.048958786,-0.0018365752,-0.3330689,-0.19868822,-0.10361848,-0.07903972,0.34264982,0.04630972,-0.2865972,0.021244355,-0.110219814,-0.22109249,-0.11987654,0.15210485,0.32936102,-0.29318288,-0.029266633,-0.10922154,-0.17322229,-0.379716,0.31919697,-0.08542912,-0.100282915,0.15920034,-0.29148987,-0.10890378,-0.14981084,-0.12385497,-0.084200166,-0.11466771,0.15300967,-0.048747458,0.058147695,-0.08040096,-0.10917536,-0.29532784,-0.1749758,0.11321197,-0.07398308,-0.49049792,-0.009179117,-0.06401801,0.0447239,-0.21767497,0.03976108,0.15893677,-0.13905478,-0.06584946,-0.007175569,-0.11262523,0.29310057,-0.13350256,-0.25991824,0.022566443,0.017914584,0.22086063,0.01618483,0.17866465,-0.119437896,0.45746624,-0.05043146,-0.38971278,0.27100545,0.30046868,0.06643587,0.118791625,0.08245474,0.10883281,0.012498242,0.08821865,0.19057222,0.30945197,-0.033244014,-0.18283403,-0.1435878,-0.17576218,0.010996608,0.01604517,0.11946769,-0.03131595,0.11084821,0.22156538,0.18403403,-0.05340809,-0.14681984,0.059524268,0.3054056,0.057534557,0.07452038,-0.23000984,-0.20533809,-0.17724617,0.32442036,0.08905794,-0.39182353,-0.13139535,0.23289435,-0.011916321,-0.1703033,0.043030914,0.0682926,0.26126134,-0.079773195,-0.3022321,-0.18948302,-0.25446475,-0.031662412,-0.19329953,0.15638338,0.10631025,-0.09761012,0.27918556,0.011388759,0.2183839,-0.25239772,0.245244,-0.13202314,0.13763416,-0.05843895,0.10458569,-0.024941564,-0.037473813,-0.2578075,-0.020642968,-0.056428477,-0.05071497,0.07322343,0.037278287,0.14001472,-0.042173725,0.3450947,-0.0070994818,-0.114115566,0.043721035,-0.06515248,-0.19009943,0.0054071136,-0.09601277,-0.123322085,0.0864335,-0.21309498,0.21171974,-0.04168971,-0.37910882
SLIRP,0.06788629,0.07979025,-0.048778955,-0.1839576,0.29095262,0.15017599,0.024603963,0.12805778,0.47736925,-0.36470574,0.11631179,0.26540318,-0.5487763,0.022812588,0.20103975,-0.22796325,0.24173178,-0.04410083,0.018431226,-0.34034866,-0.12059805,-0.018510407,-0.23105855,-0.13557565,0.076705925,-0.13527103,0.04653242,-0.08953679,0.1393672,0.39280355,0.09992641,-0.07435508,-0.29790613,0.19760667,0.54700387,-0.07158004,-0.10507361,-0.090191126,-0.20770183,0.12880719,-0.18609554,0.08191272,0.06965038,-0.48498985,-0.15498084,0.10830118,0.23435858,0.5126621,-0.2999602,0.15671374,-0.41081646,0.033211887,0.1762588,-0.07658101,0.25718084,0.29815075,-0.059494566,0.24170525,-0.35704702,-0.14844947,-0.3998276,-0.2748215,0.1737144,-0.114604056,-0.04241279,0.27867734,-0.18589182,0.24431011,-0.3845164,0.048969295,-0.07784815,-0.010545352,-0.00072963996,-0.21822341,-0.32992765,0.051712774,0.030448398,-0.20508088,-0.31670263,-0.17199166,-0.34108293,0.27706742,-0.27417225,-0.49052715,-0.0057252813,0.18914165,0.2392845,-0.040055458,0.1738017,-0.25875694,-0.12057919,-0.35932714,0.17856456,0.06103199,-0.082978554,0.13048303,0.026133347,-0.089370914,0.008707684,0.19643834,-0.06985145,-0.18437758,-0.0110483905,0.040103234,0.19367002,-0.42161855,0.30132866,-0.051863316,-0.28074658,0.3847706,0.024000237,-0.33593705,0.17717531,-0.0127756735,0.09690537,-0.28409022,-0.1165539,-0.026814986,0.26244596,-0.01602388,0.027042586,-0.14663279,0.22389165,-0.26456428,-0.13093524,0.019981721,0.032895334,0.16768357,-0.045823757,0.21968456,0.26825967,-0.21863787,-0.16717066,-0.03624359,0.44429886,0.2863102,0.35409528,0.13659747,0.25500965,-0.11327337,0.21465042,0.12999512,-0.05225777,0.09314594,0.32495952,-0.20724787,-0.37270325,0.16421922,-0.032640263,0.15071966,-0.21453393,-0.26464707,0.5133362,0.045670353,-0.2512219,-0.042417075,-0.30223823,0.08881064,0.099531025,-0.47709322,0.094456226,0.2300818,0.14997122,-0.046335287,0.008635278,-0.13273013,0.14319955,0.01763989,0.15077654,-0.026768263,-0.3243728,0.19287018,-0.030503836,-0.048710957,-0.05320228,0.13924089,-0.12663975,-0.05450523,-0.20505865,-0.17116028,0.35603505,-0.34961385,0.116838336,0.07345708,0.2653518,-0.11730197,0.14529318,0.02717543,-0.0037555397,-0.16339526,-0.2271517,-0.29814273,0.13810822,0.041464258,-0.1572598,-0.015423712,-0.06879958,0.20586273,-0.13578863,-0.16591248
TSC2,-0.19619015,0.38360143,-0.16456805,-0.26346123,-0.2506851,-0.1691815,-0.10533775,-0.54686296,0.42266676,0.0039147385,-0.17005806,0.12386994,-0.14787474,0.15082398,0.14566363,0.27590913,0.28739116,-0.21995106,-0.39804608,-0.2621699,0.37262487,-0.4058934,-0.19850457,0.53737813,0.07396763,0.04448402,-0.060010172,-0.105998464,-0.2173653,0.45324978,-0.4160066,-0.005441755,-0.02228767,0.18620084,0.29097298,0.3166468,0.26615158,0.0039955387,0.089294605,-0.25799796,-0.061422445,-0.030676646,0.38752457,-0.25241566,-0.007416154,0.031008288,-0.20157324,0.3255832,0.57210034,0.0760911,-0.06473401,0.4474927,-0.113996536,0.044863172,-0.04837734,0.21721478,-0.27621254,-0.32212964,-0.1813766,-0.5388138,0.23643816,-0.18140389,-0.12933779,-0.39001414,0.0952538,-0.07017086,-0.06636905,0.04928639,0.08658032,-0.052972298,0.31001157,0.3792634,-0.22999619,0.2500155,0.17655711,0.0009477954,0.04514904,-0.21483581,-0.3612042,-0.14245218,-0.09713956,-0.15106612,0.08846806,-0.023697933,-0.30229107,0.3989004,0.19666597,-0.07748239,-0.24055204,-0.16304734,-0.4919985,0.16677079,0.31025538,0.12815225,-0.16057813,-0.14799556,-0.16342808,0.15320088,0.31299683,-0.06882968,0.32381886,0.20686194,0.084137306,0.20038359,0.047862336,0.22011052,0.064191535,-0.292686,0.26996103,-0.11527898,0.26834023,0.26799437,-0.19065997,0.06625124,-0.2572573,0.19253781,0.14892301,-0.42211893,-0.19301894,0.28903085,-0.28152996,0.3444332,-0.34204552,-0.11715964,-0.21426423,0.15169707,0.16367465,-0.073957376,-0.28296718,0.1682278,0.030542934,0.12908445,-0.07520671,0.21746255,-0.20955928,-0.24933478,0.014423956,0.06678897,0.12290082,-0.14258908,-0.11671162,0.06971247,0.22129184,0.43188015,-0.073681735,-0.19185704,-0.32472658,-0.17426163,0.12203734,-0.30425462,-0.1984478,-0.13741483,0.48810288,-0.16899216,0.051216472,0.53432846,-0.31673053,0.079703175,0.7094972,-0.69484866,-0.06727766,-0.4057021,0.35129833,-0.33342117,-0.06016873,0.27137318,0.56458247,-0.0434744,-0.15246476,-0.33940944,0.29618543,0.038078878,-0.28786495,0.18214567,0.31092596,0.37087208,0.0130783655,-0.10092884,-0.16203138,-0.50719994,0.11787918,0.19535913,0.0042997417,-0.0920765,-0.089215696,0.25340325,0.40868738,-0.41748023,0.13003255,-0.025597531,-0.069186546,0.10622259,0.24526715,0.12051264,0.22408392,0.1842296,0.2317438,-0.46666083,-0.34050894,-0.22936511
WWTR1,-0.006655855,0.0678221,-0.012296163,0.064872414,0.16483226,0.18674453,-0.038094126,0.20906326,0.11629726,-0.23812452,-0.05890457,0.06076169,0.11365945,-0.06298421,-0.3756179,0.18070613,0.08546979,-0.00402353,0.080930196,-0.077097,-0.10897912,0.11251424,-0.09624703,0.09769872,0.03127825,-0.026292859,-0.08098288,0.018289845,-0.3259716,-0.021030728,-0.18848264,-0.12174593,-0.1332076,-0.12814975,-0.177525,-0.023312904,-0.07080847,0.09749324,-0.2678476,-0.09653148,-0.08980309,-0.06355367,-0.12270393,-0.15164456,0.04346791,0.2931251,0.03843799,0.18928066,-0.11342344,0.031426985,-0.17776866,0.19923374,-0.14192782,0.15493941,0.17362827,0.25827047,0.0065739197,0.23546441,0.026163608,-0.457586,0.035625346,0.19081318,-0.16526715,0.050416663,0.16898032,-0.22607915,0.06736299,-0.07867299,-0.03144959,0.3137399,-0.07332127,-0.14220086,0.022666454,-0.13218056,-0.052740134,-0.09874887,0.4039579,0.061970904,0.4220898,0.14744234,-0.35824022,0.15660176,-0.18262,-0.15636896,-0.12338014,-0.15439707,-0.0053851735,0.35533202,-0.21845715,-0.16103639,-0.11780488,-0.3210463,0.04920931,-0.0036038053,-0.064302586,0.09532557,-0.070396654,0.12893276,-0.0954545,-0.02038809,0.3406306,-0.24589685,0.081567064,-0.2917976,0.13808036,-0.056544293,0.041972835,0.009356622,-0.07712979,-0.11736506,0.11750227,0.0007467884,-0.026005073,0.46491775,0.113392666,-0.09406636,-0.068753995,-0.23648894,0.03043732,-0.13181302,-0.15414165,-0.28962773,-0.11810953,-0.05540119,0.18198304,0.15630357,-0.15360892,-0.14098807,0.07141447,-0.07630686,-0.07439806,-0.32167175,0.11740478,0.16223612,0.32274717,-0.11151103,0.23333612,0.12888794,0.3033804,-0.07699611,0.021819126,0.12360629,0.24491031,-0.058140643,0.02012457,-0.096367225,-0.29727876,-0.19462918,0.19193165,-0.22558221,0.15402569,-0.2966162,0.14081502,-0.33781365,-0.47823188,-0.13063514,0.07381614,0.2105973,0.1805143,-0.1388947,-0.047072895,0.16297726,0.1698376,-0.032754395,-0.021250421,0.39221177,0.08042225,0.10857016,0.08010878,0.2687611,-0.12607251,0.18332231,-0.26998344,-0.2859108,-0.2603187,0.1749809,0.16202304,-0.043742895,0.136015,0.0698115,0.3457755,-0.022081526,-0.03589017,0.12647113,0.3394423,0.17695786,-0.075573,-0.016864195,-0.06982902,-0.3261913,-0.085736014,-0.17576538,0.0487546,-0.0070996922,-0.037163056,-0.22332978,-0.1460813,-0.14773265,-0.104231626,-0.1594524
XBP1,-0.28346726,0.09767623,0.048722275,0.14490713,0.12201509,0.08657242,0.36221874,-0.021813931,-0.15869407,-0.014914246,-0.08339015,0.11326497,-0.34061718,0.43643224,-0.07488076,0.12515055,0.05213046,-0.17320131,-0.22232075,-0.4058729,-0.27277157,-0.09181299,-0.54445225,-0.23302342,-0.083665736,0.42726666,0.061882358,0.19578883,-0.1436697,0.25324145,-0.30940002,0.035184026,-0.37069967,-0.15811875,-0.13527034,-0.14021586,0.104454935,0.47816306,-0.16681847,0.16053523,-0.43366364,0.40704432,0.08435903,-0.054628782,-0.16524237,-0.31105313,-0.52017885,0.009568762,0.057688624,-0.0052471673,0.116724834,0.12840548,-0.0029203177,-0.14238687,-0.07456815,0.1227373,0.033845577,0.33266324,-0.38151926,-0.3313674,0.31739718,-0.15418957,0.03655893,0.049590796,0.39447683,0.20076285,-0.36834115,-0.08471071,-0.30406776,0.3450897,0.40667853,-0.19722837,0.101071686,-0.0546289,-0.40500003,-0.27106014,0.462141,-0.1012501,0.3197315,-0.30324855,-0.4009244,0.23716839,0.0076433155,-0.044330996,0.09731418,0.076516405,0.3250927,0.055978246,-0.06538339,-0.29595947,0.124207325,-0.706982,0.1999378,-0.2814589,0.301679,-0.01938875,0.06920131,0.08638428,-0.10426956,0.10695654,0.53239936,0.023498362,-0.050224107,0.025512792,0.44589794,0.09626673,-0.04118036,-0.24075323,0.40781838,0.53143317,0.19679132,-0.19188273,-0.22767834,0.42245826,0.16279688,-0.5687125,-0.15742853,-0.24124317,-0.019665115,0.04841571,-0.25426552,-0.06283254,-0.2184572,-0.081770524,0.2173746,0.08763921,-0.28494468,0.008479054,0.008882975,-0.2833136,-0.25214207,-0.09890148,0.38769078,-0.018220702,0.6634134,0.05644599,0.41832906,0.32329842,0.11430257,-0.052405246,0.2798099,-0.0053200987,0.016088797,-0.06754213,-0.06318606,0.4277764,-0.03475383,-0.10089,-0.26314834,0.026679562,-0.20590675,0.19483739,0.25726873,0.051410273,-0.26208404,0.013928516,0.09456831,0.31293052,0.17838734,0.036564436,0.1640267,0.3629377,0.24037655,-0.37185487,-0.11034846,0.15052791,0.03674546,0.04251462,0.20167673,-0.26211545,0.12840478,0.5813571,0.084955364,-0.027123855,-0.22662015,0.082784966,-0.068003625,0.22232285,0.1236064,0.09349176,0.1961109,0.19962585,-0.01669169,-0.12685719,0.20468132,0.110756785,0.46326232,-0.08501544,-0.071323596,-0.32349667,0.00016764253,-0.13500981,-0.09736763,0.16162613,-0.1294758,0.13204677,-0.059222583,0.16418055,0.032718245,-0.19992518
YAP1,0.16704476,0.22298245,-0.008437766,0.09448758,0.14138363,0.36566117,0.11399849,0.021234773,0.24252559,-0.31975123,-0.18342209,-0.11165689,0.020083878,-0.10267408,-0.26078892,-0.14343062,-0.1749368,0.19150804,0.25191522,-0.19705829,0.08009802,0.26656246,-0.03414207,-0.13573316,-0.020751627,-0.023494337,-0.28044882,-0.27535373,-0.44839507,-0.09410561,-0.17503622,-0.11066159,-0.1356212,0.06621108,0.07485176,-0.1036993,0.17179547,-0.0145844985,-0.21897227,-0.26853538,-0.2081053,0.39061055,0.003541308,-0.35433513,-0.32072744,0.17374988,0.17010053,0.12820224,-0.3384587,-0.15616393,0.06053227,0.074120566,-0.41419664,0.12943955,0.24234632,0.21140762,0.015786355,0.15154803,0.03528532,-0.37648326,-0.10369837,-0.26074567,0.1089463,-0.028765813,0.011825757,-0.12362122,-0.050152913,0.047796164,-0.110672206,0.14473087,0.068999186,-0.21273057,-0.14583407,0.18849552,-0.18012893,0.22005628,0.27900672,0.3341841,0.49943888,0.1830608,-0.37538913,-0.04738813,-0.03789661,-0.43061858,-0.22802909,-0.110151485,-0.023246923,0.29331994,0.0016459215,-0.29864535,-0.069366015,-0.2543291,-0.013341398,0.23500593,-0.106841855,-0.33956653,-0.0559114,0.026124049,-0.0047101197,0.074617006,0.4678857,-0.19415718,0.08615349,-0.30635303,-0.024306512,0.12965181,0.2968164,0.3040555,-0.07106885,0.21307696,0.27611804,0.17906897,-0.37031797,0.5299733,0.12504146,0.14019334,-0.22512287,-0.3365528,0.045215808,-0.125765,-0.053512827,-0.20508532,0.29932573,-0.33987504,-0.037013866,0.1380535,-0.1888037,-0.17572416,0.049134567,-0.20615351,0.047826678,-0.11739045,0.05497191,0.17194594,0.37362608,0.17277311,0.0344144,0.056137964,0.33520412,0.10787493,0.10841473,-0.22353734,0.24488911,-0.17313786,-0.06754221,0.015624795,-0.31500584,-0.15463439,-0.12719691,-0.19100764,0.07639047,-0.2590853,0.28239265,-0.31581527,-0.56040436,0.10107977,0.032687552,0.22660792,0.124951154,-0.14475963,0.07085722,0.054923464,0.10028829,0.016555611,0.05519883,0.5547457,0.16657525,0.10878753,-0.14845537,0.5417058,0.09233071,0.051784154,-0.29553938,-0.39835793,-0.3718822,0.1892245,-0.16771065,-0.27880898,-0.12532797,-0.22506732,0.18967754,0.070874006,0.030543469,0.077505946,0.08280254,0.017201846,0.033629652,0.037206005,-0.037656397,0.019758077,-0.009440577,-0.28549957,0.12946112,0.24874543,-0.06359979,-0.34373805,0.08708312,0.24569161,-0.20402011,-0.13132386
